-- phpMyAdmin SQL Dump
-- version 4.9.7
-- https://www.phpmyadmin.net/
--
-- Host: localhost:3306
-- Generation Time: Jun 28, 2022 at 07:40 AM
-- Server version: 10.3.34-MariaDB-cll-lve
-- PHP Version: 7.4.29

SET SQL_MODE = "NO_AUTO_VALUE_ON_ZERO";
SET AUTOCOMMIT = 0;
START TRANSACTION;
SET time_zone = "+00:00";


/*!40101 SET @OLD_CHARACTER_SET_CLIENT=@@CHARACTER_SET_CLIENT */;
/*!40101 SET @OLD_CHARACTER_SET_RESULTS=@@CHARACTER_SET_RESULTS */;
/*!40101 SET @OLD_COLLATION_CONNECTION=@@COLLATION_CONNECTION */;
/*!40101 SET NAMES utf8mb4 */;

--
-- Database: `xpiasbzoerxk_ivaccay`
--

-- --------------------------------------------------------

--
-- Table structure for table `countries`
--

CREATE TABLE `countries` (
  `id` int(11) NOT NULL,
  `code` varchar(255) DEFAULT NULL,
  `name` varchar(255) DEFAULT NULL,
  `created_at` timestamp NULL DEFAULT current_timestamp(),
  `updated_at` timestamp NULL DEFAULT current_timestamp()
) ENGINE=InnoDB DEFAULT CHARSET=utf8mb4;

--
-- Dumping data for table `countries`
--

INSERT INTO `countries` (`id`, `code`, `name`, `created_at`, `updated_at`) VALUES
(4, 'AF', 'Afghanistan', '2022-03-22 22:22:34', '2022-03-22 22:22:34'),
(5, 'AL', 'Albania', '2022-03-22 22:22:34', '2022-03-22 22:22:34'),
(6, 'DZ', 'Algeria', '2022-03-22 22:22:34', '2022-03-22 22:22:34'),
(7, 'DS', 'American Samoa', '2022-03-22 22:22:34', '2022-03-22 22:22:34'),
(8, 'AD', 'Andorra', '2022-03-22 22:22:34', '2022-03-22 22:22:34'),
(9, 'AO', 'Angola', '2022-03-22 22:22:34', '2022-03-22 22:22:34'),
(10, 'AI', 'Anguilla', '2022-03-22 22:22:34', '2022-03-22 22:22:34'),
(11, 'AQ', 'Antarctica', '2022-03-22 22:22:34', '2022-03-22 22:22:34'),
(12, 'AG', 'Antigua and Barbuda', '2022-03-22 22:22:34', '2022-03-22 22:22:34'),
(13, 'AR', 'Argentina', '2022-03-22 22:22:34', '2022-03-22 22:22:34'),
(14, 'AM', 'Armenia', '2022-03-22 22:22:34', '2022-03-22 22:22:34'),
(15, 'AW', 'Aruba', '2022-03-22 22:22:34', '2022-03-22 22:22:34'),
(16, 'AU', 'Australia', '2022-03-22 22:22:34', '2022-03-22 22:22:34'),
(17, 'AT', 'Austria', '2022-03-22 22:22:34', '2022-03-22 22:22:34'),
(18, 'AZ', 'Azerbaijan', '2022-03-22 22:22:34', '2022-03-22 22:22:34'),
(19, 'BS', 'Bahamas', '2022-03-22 22:22:34', '2022-03-22 22:22:34'),
(20, 'BH', 'Bahrain', '2022-03-22 22:22:34', '2022-03-22 22:22:34'),
(21, 'BD', 'Bangladesh', '2022-03-22 22:22:34', '2022-03-22 22:22:34'),
(22, 'BB', 'Barbados', '2022-03-22 22:22:34', '2022-03-22 22:22:34'),
(23, 'BY', 'Belarus', '2022-03-22 22:22:34', '2022-03-22 22:22:34'),
(24, 'BE', 'Belgium', '2022-03-22 22:22:34', '2022-03-22 22:22:34'),
(25, 'BZ', 'Belize', '2022-03-22 22:22:34', '2022-03-22 22:22:34'),
(26, 'BJ', 'Benin', '2022-03-22 22:22:34', '2022-03-22 22:22:34'),
(27, 'BM', 'Bermuda', '2022-03-22 22:22:34', '2022-03-22 22:22:34'),
(28, 'BT', 'Bhutan', '2022-03-22 22:22:34', '2022-03-22 22:22:34'),
(29, 'BO', 'Bolivia', '2022-03-22 22:22:34', '2022-03-22 22:22:34'),
(30, 'BA', 'Bosnia and Herzegovina', '2022-03-22 22:22:34', '2022-03-22 22:22:34'),
(31, 'BW', 'Botswana', '2022-03-22 22:22:34', '2022-03-22 22:22:34'),
(32, 'BV', 'Bouvet Island', '2022-03-22 22:22:34', '2022-03-22 22:22:34'),
(33, 'BR', 'Brazil', '2022-03-22 22:22:34', '2022-03-22 22:22:34'),
(34, 'IO', 'British Indian Ocean Territory', '2022-03-22 22:22:34', '2022-03-22 22:22:34'),
(35, 'BN', 'Brunei Darussalam', '2022-03-22 22:22:34', '2022-03-22 22:22:34'),
(36, 'BG', 'Bulgaria', '2022-03-22 22:22:34', '2022-03-22 22:22:34'),
(37, 'BF', 'Burkina Faso', '2022-03-22 22:22:34', '2022-03-22 22:22:34'),
(38, 'BI', 'Burundi', '2022-03-22 22:22:34', '2022-03-22 22:22:34'),
(39, 'KH', 'Cambodia', '2022-03-22 22:22:34', '2022-03-22 22:22:34'),
(40, 'CM', 'Cameroon', '2022-03-22 22:22:34', '2022-03-22 22:22:34'),
(41, 'CA', 'Canada', '2022-03-22 22:22:34', '2022-03-22 22:22:34'),
(42, 'CV', 'Cape Verde', '2022-03-22 22:22:34', '2022-03-22 22:22:34'),
(43, 'KY', 'Cayman Islands', '2022-03-22 22:22:34', '2022-03-22 22:22:34'),
(44, 'CF', 'Central African Republic', '2022-03-22 22:22:34', '2022-03-22 22:22:34'),
(45, 'TD', 'Chad', '2022-03-22 22:22:34', '2022-03-22 22:22:34'),
(46, 'CL', 'Chile', '2022-03-22 22:22:34', '2022-03-22 22:22:34'),
(47, 'CN', 'China', '2022-03-22 22:22:34', '2022-03-22 22:22:34'),
(48, 'CX', 'Christmas Island', '2022-03-22 22:22:34', '2022-03-22 22:22:34'),
(49, 'CC', 'Cocos (Keeling) Islands', '2022-03-22 22:22:34', '2022-03-22 22:22:34'),
(50, 'CO', 'Colombia', '2022-03-22 22:22:34', '2022-03-22 22:22:34'),
(51, 'KM', 'Comoros', '2022-03-22 22:22:34', '2022-03-22 22:22:34'),
(52, 'CG', 'Congo', '2022-03-22 22:22:34', '2022-03-22 22:22:34'),
(53, 'CK', 'Cook Islands', '2022-03-22 22:22:34', '2022-03-22 22:22:34'),
(54, 'CR', 'Costa Rica', '2022-03-22 22:22:34', '2022-03-22 22:22:34'),
(55, 'HR', 'Croatia (Hrvatska)', '2022-03-22 22:22:34', '2022-03-22 22:22:34'),
(56, 'CU', 'Cuba', '2022-03-22 22:22:34', '2022-03-22 22:22:34'),
(57, 'CY', 'Cyprus', '2022-03-22 22:22:34', '2022-03-22 22:22:34'),
(58, 'CZ', 'Czech Republic', '2022-03-22 22:22:34', '2022-03-22 22:22:34'),
(59, 'DK', 'Denmark', '2022-03-22 22:22:34', '2022-03-22 22:22:34'),
(60, 'DJ', 'Djibouti', '2022-03-22 22:22:34', '2022-03-22 22:22:34'),
(61, 'DM', 'Dominica', '2022-03-22 22:22:34', '2022-03-22 22:22:34'),
(62, 'DO', 'Dominican Republic', '2022-03-22 22:22:34', '2022-03-22 22:22:34'),
(63, 'TP', 'East Timor', '2022-03-22 22:22:34', '2022-03-22 22:22:34'),
(64, 'EC', 'Ecuador', '2022-03-22 22:22:34', '2022-03-22 22:22:34'),
(65, 'EG', 'Egypt', '2022-03-22 22:22:34', '2022-03-22 22:22:34'),
(66, 'SV', 'El Salvador', '2022-03-22 22:22:34', '2022-03-22 22:22:34'),
(67, 'GQ', 'Equatorial Guinea', '2022-03-22 22:22:34', '2022-03-22 22:22:34'),
(68, 'ER', 'Eritrea', '2022-03-22 22:22:34', '2022-03-22 22:22:34'),
(69, 'EE', 'Estonia', '2022-03-22 22:22:34', '2022-03-22 22:22:34'),
(70, 'ET', 'Ethiopia', '2022-03-22 22:22:34', '2022-03-22 22:22:34'),
(71, 'FK', 'Falkland Islands (Malvinas)', '2022-03-22 22:22:34', '2022-03-22 22:22:34'),
(72, 'FO', 'Faroe Islands', '2022-03-22 22:22:34', '2022-03-22 22:22:34'),
(73, 'FJ', 'Fiji', '2022-03-22 22:22:34', '2022-03-22 22:22:34'),
(74, 'FI', 'Finland', '2022-03-22 22:22:34', '2022-03-22 22:22:34'),
(75, 'FR', 'France', '2022-03-22 22:22:34', '2022-03-22 22:22:34'),
(76, 'FX', 'France, Metropolitan', '2022-03-22 22:22:34', '2022-03-22 22:22:34'),
(77, 'GF', 'French Guiana', '2022-03-22 22:22:34', '2022-03-22 22:22:34'),
(78, 'PF', 'French Polynesia', '2022-03-22 22:22:34', '2022-03-22 22:22:34'),
(79, 'TF', 'French Southern Territories', '2022-03-22 22:22:34', '2022-03-22 22:22:34'),
(80, 'GA', 'Gabon', '2022-03-22 22:22:34', '2022-03-22 22:22:34'),
(81, 'GM', 'Gambia', '2022-03-22 22:22:34', '2022-03-22 22:22:34'),
(82, 'GE', 'Georgia', '2022-03-22 22:22:34', '2022-03-22 22:22:34'),
(83, 'DE', 'Germany', '2022-03-22 22:22:34', '2022-03-22 22:22:34'),
(84, 'GH', 'Ghana', '2022-03-22 22:22:34', '2022-03-22 22:22:34'),
(85, 'GI', 'Gibraltar', '2022-03-22 22:22:34', '2022-03-22 22:22:34'),
(86, 'GK', 'Guernsey', '2022-03-22 22:22:34', '2022-03-22 22:22:34'),
(87, 'GR', 'Greece', '2022-03-22 22:22:34', '2022-03-22 22:22:34'),
(88, 'GL', 'Greenland', '2022-03-22 22:22:34', '2022-03-22 22:22:34'),
(89, 'GD', 'Grenada', '2022-03-22 22:22:34', '2022-03-22 22:22:34'),
(90, 'GP', 'Guadeloupe', '2022-03-22 22:22:34', '2022-03-22 22:22:34'),
(91, 'GU', 'Guam', '2022-03-22 22:22:34', '2022-03-22 22:22:34'),
(92, 'GT', 'Guatemala', '2022-03-22 22:22:34', '2022-03-22 22:22:34'),
(93, 'GN', 'Guinea', '2022-03-22 22:22:34', '2022-03-22 22:22:34'),
(94, 'GW', 'Guinea-Bissau', '2022-03-22 22:22:34', '2022-03-22 22:22:34'),
(95, 'GY', 'Guyana', '2022-03-22 22:22:34', '2022-03-22 22:22:34'),
(96, 'HT', 'Haiti', '2022-03-22 22:22:34', '2022-03-22 22:22:34'),
(97, 'HM', 'Heard and Mc Donald Islands', '2022-03-22 22:22:34', '2022-03-22 22:22:34'),
(98, 'HN', 'Honduras', '2022-03-22 22:22:34', '2022-03-22 22:22:34'),
(99, 'HK', 'Hong Kong', '2022-03-22 22:22:34', '2022-03-22 22:22:34'),
(100, 'HU', 'Hungary', '2022-03-22 22:22:34', '2022-03-22 22:22:34'),
(101, 'IS', 'Iceland', '2022-03-22 22:22:34', '2022-03-22 22:22:34'),
(102, 'IN', 'India', '2022-03-22 22:22:34', '2022-03-22 22:22:34'),
(103, 'IM', 'Isle of Man', '2022-03-22 22:22:34', '2022-03-22 22:22:34'),
(104, 'ID', 'Indonesia', '2022-03-22 22:22:34', '2022-03-22 22:22:34'),
(105, 'IR', 'Iran (Islamic Republic of)', '2022-03-22 22:22:34', '2022-03-22 22:22:34'),
(106, 'IQ', 'Iraq', '2022-03-22 22:22:34', '2022-03-22 22:22:34'),
(107, 'IE', 'Ireland', '2022-03-22 22:22:34', '2022-03-22 22:22:34'),
(108, 'IL', 'Israel', '2022-03-22 22:22:34', '2022-03-22 22:22:34'),
(109, 'IT', 'Italy', '2022-03-22 22:22:34', '2022-03-22 22:22:34'),
(110, 'CI', 'Ivory Coast', '2022-03-22 22:22:34', '2022-03-22 22:22:34'),
(111, 'JE', 'Jersey', '2022-03-22 22:22:34', '2022-03-22 22:22:34'),
(112, 'JM', 'Jamaica', '2022-03-22 22:22:34', '2022-03-22 22:22:34'),
(113, 'JP', 'Japan', '2022-03-22 22:22:34', '2022-03-22 22:22:34'),
(114, 'JO', 'Jordan', '2022-03-22 22:22:34', '2022-03-22 22:22:34'),
(115, 'KZ', 'Kazakhstan', '2022-03-22 22:22:34', '2022-03-22 22:22:34'),
(116, 'KE', 'Kenya', '2022-03-22 22:22:34', '2022-03-22 22:22:34'),
(117, 'KI', 'Kiribati', '2022-03-22 22:22:34', '2022-03-22 22:22:34'),
(118, 'KP', 'Korea, Democratic People\'s Republic of', '2022-03-22 22:22:34', '2022-03-22 22:22:34'),
(119, 'KR', 'Korea, Republic of', '2022-03-22 22:22:34', '2022-03-22 22:22:34'),
(120, 'XK', 'Kosovo', '2022-03-22 22:22:34', '2022-03-22 22:22:34'),
(121, 'KW', 'Kuwait', '2022-03-22 22:22:34', '2022-03-22 22:22:34'),
(122, 'KG', 'Kyrgyzstan', '2022-03-22 22:22:34', '2022-03-22 22:22:34'),
(123, 'LA', 'Lao People\'s Democratic Republic', '2022-03-22 22:22:34', '2022-03-22 22:22:34'),
(124, 'LV', 'Latvia', '2022-03-22 22:22:34', '2022-03-22 22:22:34'),
(125, 'LB', 'Lebanon', '2022-03-22 22:22:34', '2022-03-22 22:22:34'),
(126, 'LS', 'Lesotho', '2022-03-22 22:22:34', '2022-03-22 22:22:34'),
(127, 'LR', 'Liberia', '2022-03-22 22:22:34', '2022-03-22 22:22:34'),
(128, 'LY', 'Libyan Arab Jamahiriya', '2022-03-22 22:22:34', '2022-03-22 22:22:34'),
(129, 'LI', 'Liechtenstein', '2022-03-22 22:22:34', '2022-03-22 22:22:34'),
(130, 'LT', 'Lithuania', '2022-03-22 22:22:34', '2022-03-22 22:22:34'),
(131, 'LU', 'Luxembourg', '2022-03-22 22:22:34', '2022-03-22 22:22:34'),
(132, 'MO', 'Macau', '2022-03-22 22:22:34', '2022-03-22 22:22:34'),
(133, 'MK', 'Macedonia', '2022-03-22 22:22:34', '2022-03-22 22:22:34'),
(134, 'MG', 'Madagascar', '2022-03-22 22:22:34', '2022-03-22 22:22:34'),
(135, 'MW', 'Malawi', '2022-03-22 22:22:34', '2022-03-22 22:22:34'),
(136, 'MY', 'Malaysia', '2022-03-22 22:22:34', '2022-03-22 22:22:34'),
(137, 'MV', 'Maldives', '2022-03-22 22:22:34', '2022-03-22 22:22:34'),
(138, 'ML', 'Mali', '2022-03-22 22:22:34', '2022-03-22 22:22:34'),
(139, 'MT', 'Malta', '2022-03-22 22:22:34', '2022-03-22 22:22:34'),
(140, 'MH', 'Marshall Islands', '2022-03-22 22:22:34', '2022-03-22 22:22:34'),
(141, 'MQ', 'Martinique', '2022-03-22 22:22:34', '2022-03-22 22:22:34'),
(142, 'MR', 'Mauritania', '2022-03-22 22:22:34', '2022-03-22 22:22:34'),
(143, 'MU', 'Mauritius', '2022-03-22 22:22:34', '2022-03-22 22:22:34'),
(144, 'TY', 'Mayotte', '2022-03-22 22:22:34', '2022-03-22 22:22:34'),
(145, 'MX', 'Mexico', '2022-03-22 22:22:34', '2022-03-22 22:22:34'),
(146, 'FM', 'Micronesia, Federated States of', '2022-03-22 22:22:34', '2022-03-22 22:22:34'),
(147, 'MD', 'Moldova, Republic of', '2022-03-22 22:22:34', '2022-03-22 22:22:34'),
(148, 'MC', 'Monaco', '2022-03-22 22:22:34', '2022-03-22 22:22:34'),
(149, 'MN', 'Mongolia', '2022-03-22 22:22:34', '2022-03-22 22:22:34'),
(150, 'ME', 'Montenegro', '2022-03-22 22:22:34', '2022-03-22 22:22:34'),
(151, 'MS', 'Montserrat', '2022-03-22 22:22:34', '2022-03-22 22:22:34'),
(152, 'MA', 'Morocco', '2022-03-22 22:22:34', '2022-03-22 22:22:34'),
(153, 'MZ', 'Mozambique', '2022-03-22 22:22:34', '2022-03-22 22:22:34'),
(154, 'MM', 'Myanmar', '2022-03-22 22:22:34', '2022-03-22 22:22:34'),
(155, 'NA', 'Namibia', '2022-03-22 22:22:34', '2022-03-22 22:22:34'),
(156, 'NR', 'Nauru', '2022-03-22 22:22:34', '2022-03-22 22:22:34'),
(157, 'NP', 'Nepal', '2022-03-22 22:22:34', '2022-03-22 22:22:34'),
(158, 'NL', 'Netherlands', '2022-03-22 22:22:34', '2022-03-22 22:22:34'),
(159, 'AN', 'Netherlands Antilles', '2022-03-22 22:22:34', '2022-03-22 22:22:34'),
(160, 'NC', 'New Caledonia', '2022-03-22 22:22:34', '2022-03-22 22:22:34'),
(161, 'NZ', 'New Zealand', '2022-03-22 22:22:34', '2022-03-22 22:22:34'),
(162, 'NI', 'Nicaragua', '2022-03-22 22:22:34', '2022-03-22 22:22:34'),
(163, 'NE', 'Niger', '2022-03-22 22:22:34', '2022-03-22 22:22:34'),
(164, 'NG', 'Nigeria', '2022-03-22 22:22:34', '2022-03-22 22:22:34'),
(165, 'NU', 'Niue', '2022-03-22 22:22:34', '2022-03-22 22:22:34'),
(166, 'NF', 'Norfolk Island', '2022-03-22 22:22:34', '2022-03-22 22:22:34'),
(167, 'MP', 'Northern Mariana Islands', '2022-03-22 22:22:34', '2022-03-22 22:22:34'),
(168, 'NO', 'Norway', '2022-03-22 22:22:34', '2022-03-22 22:22:34'),
(169, 'OM', 'Oman', '2022-03-22 22:22:34', '2022-03-22 22:22:34'),
(170, 'PK', 'Pakistan', '2022-03-22 22:22:34', '2022-03-22 22:22:34'),
(171, 'PW', 'Palau', '2022-03-22 22:22:34', '2022-03-22 22:22:34'),
(172, 'PS', 'Palestine', '2022-03-22 22:22:34', '2022-03-22 22:22:34'),
(173, 'PA', 'Panama', '2022-03-22 22:22:34', '2022-03-22 22:22:34'),
(174, 'PG', 'Papua New Guinea', '2022-03-22 22:22:34', '2022-03-22 22:22:34'),
(175, 'PY', 'Paraguay', '2022-03-22 22:22:34', '2022-03-22 22:22:34'),
(176, 'PE', 'Peru', '2022-03-22 22:22:34', '2022-03-22 22:22:34'),
(177, 'PH', 'Philippines', '2022-03-22 22:22:34', '2022-03-22 22:22:34'),
(178, 'PN', 'Pitcairn', '2022-03-22 22:22:34', '2022-03-22 22:22:34'),
(179, 'PL', 'Poland', '2022-03-22 22:22:34', '2022-03-22 22:22:34'),
(180, 'PT', 'Portugal', '2022-03-22 22:22:34', '2022-03-22 22:22:34'),
(181, 'PR', 'Puerto Rico', '2022-03-22 22:22:34', '2022-03-22 22:22:34'),
(182, 'QA', 'Qatar', '2022-03-22 22:22:34', '2022-03-22 22:22:34'),
(183, 'RE', 'Reunion', '2022-03-22 22:22:34', '2022-03-22 22:22:34'),
(184, 'RO', 'Romania', '2022-03-22 22:22:34', '2022-03-22 22:22:34'),
(185, 'RU', 'Russian Federation', '2022-03-22 22:22:34', '2022-03-22 22:22:34'),
(186, 'RW', 'Rwanda', '2022-03-22 22:22:34', '2022-03-22 22:22:34'),
(187, 'KN', 'Saint Kitts and Nevis', '2022-03-22 22:22:34', '2022-03-22 22:22:34'),
(188, 'LC', 'Saint Lucia', '2022-03-22 22:22:34', '2022-03-22 22:22:34'),
(189, 'VC', 'Saint Vincent and the Grenadines', '2022-03-22 22:22:34', '2022-03-22 22:22:34'),
(190, 'WS', 'Samoa', '2022-03-22 22:22:34', '2022-03-22 22:22:34'),
(191, 'SM', 'San Marino', '2022-03-22 22:22:34', '2022-03-22 22:22:34'),
(192, 'ST', 'Sao Tome and Principe', '2022-03-22 22:22:34', '2022-03-22 22:22:34'),
(193, 'SA', 'Saudi Arabia', '2022-03-22 22:22:34', '2022-03-22 22:22:34'),
(194, 'SN', 'Senegal', '2022-03-22 22:22:34', '2022-03-22 22:22:34'),
(195, 'RS', 'Serbia', '2022-03-22 22:22:34', '2022-03-22 22:22:34'),
(196, 'SC', 'Seychelles', '2022-03-22 22:22:34', '2022-03-22 22:22:34'),
(197, 'SL', 'Sierra Leone', '2022-03-22 22:22:34', '2022-03-22 22:22:34'),
(198, 'SG', 'Singapore', '2022-03-22 22:22:34', '2022-03-22 22:22:34'),
(199, 'SK', 'Slovakia', '2022-03-22 22:22:34', '2022-03-22 22:22:34'),
(200, 'SI', 'Slovenia', '2022-03-22 22:22:35', '2022-03-22 22:22:35'),
(201, 'SB', 'Solomon Islands', '2022-03-22 22:22:35', '2022-03-22 22:22:35'),
(202, 'SO', 'Somalia', '2022-03-22 22:22:35', '2022-03-22 22:22:35'),
(203, 'ZA', 'South Africa', '2022-03-22 22:22:35', '2022-03-22 22:22:35'),
(204, 'GS', 'South Georgia South Sandwich Islands', '2022-03-22 22:22:35', '2022-03-22 22:22:35'),
(205, 'ES', 'Spain', '2022-03-22 22:22:35', '2022-03-22 22:22:35'),
(206, 'LK', 'Sri Lanka', '2022-03-22 22:22:35', '2022-03-22 22:22:35'),
(207, 'SH', 'St. Helena', '2022-03-22 22:22:35', '2022-03-22 22:22:35'),
(208, 'PM', 'St. Pierre and Miquelon', '2022-03-22 22:22:35', '2022-03-22 22:22:35'),
(209, 'SD', 'Sudan', '2022-03-22 22:22:35', '2022-03-22 22:22:35'),
(210, 'SR', 'Suriname', '2022-03-22 22:22:35', '2022-03-22 22:22:35'),
(211, 'SJ', 'Svalbard and Jan Mayen Islands', '2022-03-22 22:22:35', '2022-03-22 22:22:35'),
(212, 'SZ', 'Swaziland', '2022-03-22 22:22:35', '2022-03-22 22:22:35'),
(213, 'SE', 'Sweden', '2022-03-22 22:22:35', '2022-03-22 22:22:35'),
(214, 'CH', 'Switzerland', '2022-03-22 22:22:35', '2022-03-22 22:22:35'),
(215, 'SY', 'Syrian Arab Republic', '2022-03-22 22:22:35', '2022-03-22 22:22:35'),
(216, 'TW', 'Taiwan', '2022-03-22 22:22:35', '2022-03-22 22:22:35'),
(217, 'TJ', 'Tajikistan', '2022-03-22 22:22:35', '2022-03-22 22:22:35'),
(218, 'TZ', 'Tanzania, United Republic of', '2022-03-22 22:22:35', '2022-03-22 22:22:35'),
(219, 'TH', 'Thailand', '2022-03-22 22:22:35', '2022-03-22 22:22:35'),
(220, 'TG', 'Togo', '2022-03-22 22:22:35', '2022-03-22 22:22:35'),
(221, 'TK', 'Tokelau', '2022-03-22 22:22:35', '2022-03-22 22:22:35'),
(222, 'TO', 'Tonga', '2022-03-22 22:22:35', '2022-03-22 22:22:35'),
(223, 'TT', 'Trinidad and Tobago', '2022-03-22 22:22:35', '2022-03-22 22:22:35'),
(224, 'TN', 'Tunisia', '2022-03-22 22:22:35', '2022-03-22 22:22:35'),
(225, 'TR', 'Turkey', '2022-03-22 22:22:35', '2022-03-22 22:22:35'),
(226, 'TM', 'Turkmenistan', '2022-03-22 22:22:35', '2022-03-22 22:22:35'),
(227, 'TC', 'Turks and Caicos Islands', '2022-03-22 22:22:35', '2022-03-22 22:22:35'),
(228, 'TV', 'Tuvalu', '2022-03-22 22:22:35', '2022-03-22 22:22:35'),
(229, 'UG', 'Uganda', '2022-03-22 22:22:35', '2022-03-22 22:22:35'),
(230, 'UA', 'Ukraine', '2022-03-22 22:22:35', '2022-03-22 22:22:35'),
(231, 'AE', 'United Arab Emirates', '2022-03-22 22:22:35', '2022-03-22 22:22:35'),
(232, 'GB', 'United Kingdom', '2022-03-22 22:22:35', '2022-03-22 22:22:35'),
(233, 'US', 'United States', '2022-03-22 22:22:35', '2022-03-22 22:22:35'),
(234, 'UM', 'United States minor outlying islands', '2022-03-22 22:22:35', '2022-03-22 22:22:35'),
(235, 'UY', 'Uruguay', '2022-03-22 22:22:35', '2022-03-22 22:22:35'),
(236, 'UZ', 'Uzbekistan', '2022-03-22 22:22:35', '2022-03-22 22:22:35'),
(237, 'VU', 'Vanuatu', '2022-03-22 22:22:35', '2022-03-22 22:22:35'),
(238, 'VA', 'Vatican City State', '2022-03-22 22:22:35', '2022-03-22 22:22:35'),
(239, 'VE', 'Venezuela', '2022-03-22 22:22:35', '2022-03-22 22:22:35'),
(240, 'VN', 'Vietnam', '2022-03-22 22:22:35', '2022-03-22 22:22:35'),
(241, 'VG', 'Virgin Islands (British)', '2022-03-22 22:22:35', '2022-03-22 22:22:35'),
(242, 'VI', 'Virgin Islands (U.S.)', '2022-03-22 22:22:35', '2022-03-22 22:22:35'),
(243, 'WF', 'Wallis and Futuna Islands', '2022-03-22 22:22:35', '2022-03-22 22:22:35'),
(244, 'EH', 'Western Sahara', '2022-03-22 22:22:35', '2022-03-22 22:22:35'),
(245, 'YE', 'Yemen', '2022-03-22 22:22:35', '2022-03-22 22:22:35'),
(246, 'ZR', 'Zaire', '2022-03-22 22:22:35', '2022-03-22 22:22:35'),
(247, 'ZM', 'Zambia', '2022-03-22 22:22:35', '2022-03-22 22:22:35'),
(248, 'ZW', 'Zimbabwe', '2022-03-22 22:22:35', '2022-03-22 22:22:35');

-- --------------------------------------------------------

--
-- Table structure for table `faq`
--

CREATE TABLE `faq` (
  `id` int(11) NOT NULL,
  `question` text DEFAULT NULL,
  `answer` text DEFAULT NULL,
  `created_at` timestamp NULL DEFAULT current_timestamp(),
  `updated_at` timestamp NULL DEFAULT current_timestamp()
) ENGINE=InnoDB DEFAULT CHARSET=utf8mb4;

-- --------------------------------------------------------

--
-- Table structure for table `images`
--

CREATE TABLE `images` (
  `id` int(11) NOT NULL,
  `pakage_id` int(11) DEFAULT NULL,
  `title` varchar(255) DEFAULT NULL,
  `created_at` timestamp NULL DEFAULT current_timestamp(),
  `updated_at` timestamp NULL DEFAULT current_timestamp()
) ENGINE=InnoDB DEFAULT CHARSET=utf8mb4;

--
-- Dumping data for table `images`
--

INSERT INTO `images` (`id`, `pakage_id`, `title`, `created_at`, `updated_at`) VALUES
(17, 7, '16491018380.jpg', '2022-04-05 00:50:38', '2022-04-05 00:50:38'),
(20, 8, '1649102121.jpg', '2022-04-05 00:55:21', '2022-04-05 00:55:21'),
(43, 1, '16551566900.jpg', '2022-06-14 01:44:50', '2022-06-14 01:44:50'),
(44, 1, '16551566901.jpg', '2022-06-14 01:44:50', '2022-06-14 01:44:50'),
(45, 1, '16551566902.jpg', '2022-06-14 01:44:50', '2022-06-14 01:44:50'),
(46, 2, '16551568150.jpg', '2022-06-14 01:46:55', '2022-06-14 01:46:55'),
(47, 2, '16551568151.jpg', '2022-06-14 01:46:55', '2022-06-14 01:46:55'),
(48, 2, '16551568152.jpg', '2022-06-14 01:46:55', '2022-06-14 01:46:55'),
(49, 3, '16551568710.jpg', '2022-06-14 01:47:51', '2022-06-14 01:47:51'),
(50, 3, '16551568711.jpg', '2022-06-14 01:47:51', '2022-06-14 01:47:51'),
(51, 3, '16551568712.jpg', '2022-06-14 01:47:51', '2022-06-14 01:47:51'),
(52, 3, '16551568713.jpg', '2022-06-14 01:47:51', '2022-06-14 01:47:51'),
(53, 4, '16551569530.jpg', '2022-06-14 01:49:13', '2022-06-14 01:49:13'),
(54, 4, '16551569531.jpg', '2022-06-14 01:49:13', '2022-06-14 01:49:13'),
(55, 4, '16551569532.jpg', '2022-06-14 01:49:13', '2022-06-14 01:49:13'),
(56, 4, '16551569533.jpg', '2022-06-14 01:49:13', '2022-06-14 01:49:13'),
(57, 4, '16551569534.jpg', '2022-06-14 01:49:13', '2022-06-14 01:49:13'),
(58, 5, '16551570530.jpg', '2022-06-14 01:50:53', '2022-06-14 01:50:53'),
(59, 6, '16551571050.jpg', '2022-06-14 01:51:45', '2022-06-14 01:51:45'),
(60, 6, '16551571051.jpg', '2022-06-14 01:51:45', '2022-06-14 01:51:45'),
(61, 9, '16561106250.jpg', '2022-06-25 02:43:45', '2022-06-25 02:43:45'),
(62, 9, '16561106251.jpg', '2022-06-25 02:43:45', '2022-06-25 02:43:45'),
(63, 9, '16561106252.jpg', '2022-06-25 02:43:45', '2022-06-25 02:43:45'),
(64, 10, '16561106630.jpg', '2022-06-25 02:44:23', '2022-06-25 02:44:23'),
(65, 10, '16561106631.jpg', '2022-06-25 02:44:23', '2022-06-25 02:44:23'),
(66, 10, '16561106632.jpg', '2022-06-25 02:44:23', '2022-06-25 02:44:23'),
(67, 11, '16561107170.jpg', '2022-06-25 02:45:17', '2022-06-25 02:45:17'),
(68, 11, '16561107171.jpg', '2022-06-25 02:45:17', '2022-06-25 02:45:17'),
(69, 11, '16561107172.jpg', '2022-06-25 02:45:17', '2022-06-25 02:45:17'),
(70, 11, '16561107173.jpg', '2022-06-25 02:45:17', '2022-06-25 02:45:17'),
(71, 11, '16561107174.jpg', '2022-06-25 02:45:17', '2022-06-25 02:45:17'),
(72, 12, '16561107560.jpg', '2022-06-25 02:45:56', '2022-06-25 02:45:56'),
(73, 12, '16561107561.jpg', '2022-06-25 02:45:56', '2022-06-25 02:45:56'),
(74, 13, '16561111950.jpg', '2022-06-25 02:53:15', '2022-06-25 02:53:15'),
(75, 13, '16561111951.jpg', '2022-06-25 02:53:15', '2022-06-25 02:53:15'),
(76, 14, '16561112960.jpg', '2022-06-25 02:54:56', '2022-06-25 02:54:56'),
(77, 14, '16561112961.jpg', '2022-06-25 02:54:56', '2022-06-25 02:54:56'),
(78, 14, '16561112962.jpg', '2022-06-25 02:54:56', '2022-06-25 02:54:56'),
(79, 15, '16561113340.jpg', '2022-06-25 02:55:34', '2022-06-25 02:55:34'),
(80, 15, '16561113341.jpg', '2022-06-25 02:55:34', '2022-06-25 02:55:34'),
(81, 15, '16561113342.jpg', '2022-06-25 02:55:34', '2022-06-25 02:55:34'),
(82, 15, '16561113343.jpg', '2022-06-25 02:55:34', '2022-06-25 02:55:34'),
(83, 15, '16561113344.jpg', '2022-06-25 02:55:34', '2022-06-25 02:55:34'),
(84, 16, '16561113810.jpg', '2022-06-25 02:56:21', '2022-06-25 02:56:21'),
(85, 16, '16561113811.jpg', '2022-06-25 02:56:21', '2022-06-25 02:56:21'),
(86, 17, '16561123810.jpg', '2022-06-25 03:13:01', '2022-06-25 03:13:01'),
(87, 17, '16561123811.jpg', '2022-06-25 03:13:01', '2022-06-25 03:13:01'),
(88, 17, '16561123812.jpg', '2022-06-25 03:13:01', '2022-06-25 03:13:01'),
(89, 18, '16561124150.jpg', '2022-06-25 03:13:35', '2022-06-25 03:13:35'),
(90, 18, '16561124151.jpg', '2022-06-25 03:13:35', '2022-06-25 03:13:35'),
(91, 18, '16561124152.jpg', '2022-06-25 03:13:35', '2022-06-25 03:13:35'),
(92, 19, '16561124540.jpg', '2022-06-25 03:14:14', '2022-06-25 03:14:14'),
(93, 19, '16561124541.jpg', '2022-06-25 03:14:14', '2022-06-25 03:14:14'),
(94, 19, '16561124542.jpg', '2022-06-25 03:14:14', '2022-06-25 03:14:14'),
(95, 20, '16561124870.jpg', '2022-06-25 03:14:47', '2022-06-25 03:14:47'),
(96, 20, '16561124871.jpg', '2022-06-25 03:14:47', '2022-06-25 03:14:47'),
(97, 20, '16561124872.jpg', '2022-06-25 03:14:47', '2022-06-25 03:14:47'),
(98, 20, '16561124873.jpg', '2022-06-25 03:14:47', '2022-06-25 03:14:47'),
(99, 20, '16561124874.jpg', '2022-06-25 03:14:47', '2022-06-25 03:14:47'),
(100, 21, '16561174430.jpg', '2022-06-25 04:37:23', '2022-06-25 04:37:23'),
(101, 21, '16561174431.jpg', '2022-06-25 04:37:23', '2022-06-25 04:37:23'),
(102, 21, '16561174432.jpg', '2022-06-25 04:37:23', '2022-06-25 04:37:23'),
(103, 22, '16561190140.jpg', '2022-06-25 05:03:34', '2022-06-25 05:03:34'),
(104, 22, '16561190141.jpg', '2022-06-25 05:03:34', '2022-06-25 05:03:34'),
(105, 22, '16561190142.jpg', '2022-06-25 05:03:34', '2022-06-25 05:03:34'),
(106, 23, '16561190480.jpg', '2022-06-25 05:04:08', '2022-06-25 05:04:08'),
(107, 23, '16561190481.jpg', '2022-06-25 05:04:08', '2022-06-25 05:04:08'),
(108, 23, '16561190482.jpg', '2022-06-25 05:04:08', '2022-06-25 05:04:08'),
(109, 24, '16561190780.jpg', '2022-06-25 05:04:38', '2022-06-25 05:04:38'),
(110, 24, '16561190781.jpg', '2022-06-25 05:04:38', '2022-06-25 05:04:38'),
(111, 24, '16561190782.jpg', '2022-06-25 05:04:38', '2022-06-25 05:04:38'),
(112, 25, '16561191360.jpg', '2022-06-25 05:05:36', '2022-06-25 05:05:36'),
(113, 25, '16561191361.jpg', '2022-06-25 05:05:36', '2022-06-25 05:05:36'),
(114, 25, '16561191362.jpg', '2022-06-25 05:05:36', '2022-06-25 05:05:36'),
(115, 25, '16561191363.jpg', '2022-06-25 05:05:36', '2022-06-25 05:05:36'),
(116, 25, '16561191364.jpg', '2022-06-25 05:05:36', '2022-06-25 05:05:36'),
(117, 26, '16561191790.jpg', '2022-06-25 05:06:19', '2022-06-25 05:06:19'),
(118, 26, '16561191791.jpg', '2022-06-25 05:06:19', '2022-06-25 05:06:19'),
(119, 26, '16561191792.jpg', '2022-06-25 05:06:19', '2022-06-25 05:06:19'),
(120, 26, '16561191793.jpg', '2022-06-25 05:06:19', '2022-06-25 05:06:19'),
(121, 26, '16561191794.jpg', '2022-06-25 05:06:19', '2022-06-25 05:06:19'),
(122, 27, '16563543330.jpg', '2022-06-27 22:25:33', '2022-06-27 22:25:33'),
(123, 27, '16563543331.jpg', '2022-06-27 22:25:33', '2022-06-27 22:25:33'),
(124, 27, '16563543332.jpg', '2022-06-27 22:25:33', '2022-06-27 22:25:33'),
(125, 28, '16563543770.jpg', '2022-06-27 22:26:17', '2022-06-27 22:26:17'),
(126, 28, '16563543771.jpg', '2022-06-27 22:26:17', '2022-06-27 22:26:17'),
(127, 28, '16563543772.jpg', '2022-06-27 22:26:17', '2022-06-27 22:26:17'),
(128, 29, '16563544730.jpg', '2022-06-27 22:27:53', '2022-06-27 22:27:53'),
(129, 29, '16563544731.jpg', '2022-06-27 22:27:53', '2022-06-27 22:27:53'),
(130, 29, '16563544732.jpg', '2022-06-27 22:27:53', '2022-06-27 22:27:53'),
(131, 30, '16563545220.jpg', '2022-06-27 22:28:42', '2022-06-27 22:28:42'),
(132, 30, '16563545221.jpg', '2022-06-27 22:28:42', '2022-06-27 22:28:42'),
(133, 30, '16563545222.jpg', '2022-06-27 22:28:42', '2022-06-27 22:28:42'),
(134, 31, '16563545730.jpg', '2022-06-27 22:29:33', '2022-06-27 22:29:33'),
(135, 31, '16563545731.jpg', '2022-06-27 22:29:33', '2022-06-27 22:29:33'),
(136, 31, '16563545732.jpg', '2022-06-27 22:29:33', '2022-06-27 22:29:33'),
(137, 31, '16563545733.jpg', '2022-06-27 22:29:33', '2022-06-27 22:29:33'),
(138, 31, '16563545734.jpg', '2022-06-27 22:29:33', '2022-06-27 22:29:33'),
(139, 32, '16563549420.jpg', '2022-06-27 22:35:42', '2022-06-27 22:35:42'),
(140, 32, '16563549421.jpg', '2022-06-27 22:35:42', '2022-06-27 22:35:42'),
(141, 32, '16563549422.jpg', '2022-06-27 22:35:42', '2022-06-27 22:35:42'),
(142, 33, '16563549970.jpg', '2022-06-27 22:36:37', '2022-06-27 22:36:37'),
(143, 33, '16563549971.jpg', '2022-06-27 22:36:37', '2022-06-27 22:36:37'),
(144, 33, '16563549972.jpg', '2022-06-27 22:36:37', '2022-06-27 22:36:37'),
(145, 34, '16563550310.jpg', '2022-06-27 22:37:11', '2022-06-27 22:37:11'),
(146, 34, '16563550311.jpg', '2022-06-27 22:37:11', '2022-06-27 22:37:11'),
(147, 34, '16563550312.jpg', '2022-06-27 22:37:11', '2022-06-27 22:37:11'),
(148, 35, '16563550790.jpg', '2022-06-27 22:37:59', '2022-06-27 22:37:59'),
(149, 35, '16563550791.jpg', '2022-06-27 22:37:59', '2022-06-27 22:37:59'),
(150, 35, '16563550792.jpg', '2022-06-27 22:37:59', '2022-06-27 22:37:59'),
(151, 35, '16563550793.jpg', '2022-06-27 22:37:59', '2022-06-27 22:37:59'),
(152, 35, '16563550794.jpg', '2022-06-27 22:37:59', '2022-06-27 22:37:59'),
(153, 36, '16563558770.jpg', '2022-06-27 22:51:17', '2022-06-27 22:51:17'),
(154, 37, '16563559130.jpg', '2022-06-27 22:51:53', '2022-06-27 22:51:53'),
(155, 37, '16563559131.jpg', '2022-06-27 22:51:53', '2022-06-27 22:51:53'),
(156, 37, '16563559132.jpg', '2022-06-27 22:51:53', '2022-06-27 22:51:53'),
(157, 38, '16563560410.jpg', '2022-06-27 22:54:01', '2022-06-27 22:54:01'),
(158, 38, '16563560411.jpg', '2022-06-27 22:54:01', '2022-06-27 22:54:01'),
(159, 38, '16563560412.jpg', '2022-06-27 22:54:01', '2022-06-27 22:54:01'),
(161, 39, '16563571500.jpg', '2022-06-27 23:12:30', '2022-06-27 23:12:30'),
(162, 39, '16563571501.jpg', '2022-06-27 23:12:30', '2022-06-27 23:12:30'),
(163, 39, '16563571502.jpg', '2022-06-27 23:12:30', '2022-06-27 23:12:30'),
(164, 39, '16563571503.jpg', '2022-06-27 23:12:30', '2022-06-27 23:12:30'),
(165, 40, '16563572430.jpg', '2022-06-27 23:14:03', '2022-06-27 23:14:03'),
(166, 40, '16563572431.jpg', '2022-06-27 23:14:03', '2022-06-27 23:14:03'),
(167, 40, '16563572432.jpg', '2022-06-27 23:14:03', '2022-06-27 23:14:03'),
(168, 40, '16563572433.jpg', '2022-06-27 23:14:03', '2022-06-27 23:14:03'),
(169, 41, '16563583280.jpg', '2022-06-27 23:32:08', '2022-06-27 23:32:08'),
(170, 41, '16563583281.jpg', '2022-06-27 23:32:08', '2022-06-27 23:32:08'),
(171, 41, '16563583282.jpg', '2022-06-27 23:32:08', '2022-06-27 23:32:08'),
(172, 42, '16563583640.jpg', '2022-06-27 23:32:44', '2022-06-27 23:32:44'),
(173, 42, '16563583641.jpg', '2022-06-27 23:32:44', '2022-06-27 23:32:44'),
(174, 42, '16563583642.jpg', '2022-06-27 23:32:44', '2022-06-27 23:32:44'),
(175, 43, '16563584180.jpg', '2022-06-27 23:33:38', '2022-06-27 23:33:38'),
(176, 43, '16563584181.jpg', '2022-06-27 23:33:38', '2022-06-27 23:33:38'),
(177, 43, '16563584182.jpg', '2022-06-27 23:33:38', '2022-06-27 23:33:38'),
(178, 43, '16563584183.jpg', '2022-06-27 23:33:38', '2022-06-27 23:33:38'),
(179, 43, '16563584184.jpg', '2022-06-27 23:33:38', '2022-06-27 23:33:38'),
(180, 44, '16563585870.jpg', '2022-06-27 23:36:27', '2022-06-27 23:36:27'),
(181, 44, '16563585871.jpg', '2022-06-27 23:36:27', '2022-06-27 23:36:27'),
(182, 45, '16563586250.jpg', '2022-06-27 23:37:05', '2022-06-27 23:37:05'),
(183, 45, '16563586251.jpg', '2022-06-27 23:37:05', '2022-06-27 23:37:05'),
(184, 46, '16563590000.jpg', '2022-06-27 23:43:20', '2022-06-27 23:43:20'),
(185, 46, '16563590001.jpg', '2022-06-27 23:43:20', '2022-06-27 23:43:20'),
(186, 46, '16563590002.jpg', '2022-06-27 23:43:20', '2022-06-27 23:43:20'),
(187, 47, '16563590320.jpg', '2022-06-27 23:43:52', '2022-06-27 23:43:52'),
(188, 47, '16563590321.jpg', '2022-06-27 23:43:52', '2022-06-27 23:43:52'),
(189, 47, '16563590322.jpg', '2022-06-27 23:43:52', '2022-06-27 23:43:52'),
(190, 48, '16563590980.jpg', '2022-06-27 23:44:58', '2022-06-27 23:44:58'),
(191, 48, '16563590981.jpg', '2022-06-27 23:44:58', '2022-06-27 23:44:58'),
(192, 48, '16563590982.jpg', '2022-06-27 23:44:58', '2022-06-27 23:44:58'),
(193, 48, '16563590983.jpg', '2022-06-27 23:44:58', '2022-06-27 23:44:58');

-- --------------------------------------------------------

--
-- Table structure for table `jobs`
--

CREATE TABLE `jobs` (
  `id` int(11) NOT NULL,
  `title` varchar(55) NOT NULL,
  `description` text DEFAULT NULL,
  `images` varchar(500) DEFAULT NULL,
  `start_date` date NOT NULL,
  `end_date` date NOT NULL,
  `status` int(11) NOT NULL DEFAULT 0,
  `created_at` timestamp NOT NULL DEFAULT current_timestamp(),
  `updated_at` timestamp NOT NULL DEFAULT current_timestamp()
) ENGINE=InnoDB DEFAULT CHARSET=utf8mb4;

--
-- Dumping data for table `jobs`
--

INSERT INTO `jobs` (`id`, `title`, `description`, `images`, `start_date`, `end_date`, `status`, `created_at`, `updated_at`) VALUES
(1, 'dummy', 'dummy', '1655489969.jpg', '2022-06-17', '2022-07-18', 1, '2022-04-08 00:05:28', '2022-06-17 22:19:29'),
(2, 'test 1', 'test 1', '1655489994.jpg', '2022-06-17', '2022-07-18', 1, '2022-05-12 22:55:57', '2022-06-17 22:19:54');

-- --------------------------------------------------------

--
-- Table structure for table `jobs_applied`
--

CREATE TABLE `jobs_applied` (
  `id` int(11) NOT NULL,
  `user_id` int(11) NOT NULL,
  `job_id` int(11) NOT NULL,
  `status` int(11) NOT NULL COMMENT '0 = pending, 1 = completed, 2 = cancelled',
  `created_at` timestamp NOT NULL DEFAULT current_timestamp(),
  `updated_at` timestamp NOT NULL DEFAULT current_timestamp()
) ENGINE=InnoDB DEFAULT CHARSET=utf8mb4;

--
-- Dumping data for table `jobs_applied`
--

INSERT INTO `jobs_applied` (`id`, `user_id`, `job_id`, `status`, `created_at`, `updated_at`) VALUES
(1, 1, 1, 0, '2022-04-08 00:05:52', '2022-04-08 00:05:52'),
(2, 29, 2, 0, '2022-06-15 23:20:10', '2022-06-15 23:20:10');

-- --------------------------------------------------------

--
-- Table structure for table `journies`
--

CREATE TABLE `journies` (
  `id` int(11) NOT NULL,
  `invoice_number` varchar(255) DEFAULT NULL,
  `user_id` int(11) DEFAULT NULL,
  `guide_id` int(11) NOT NULL COMMENT 'guider id',
  `package_id` int(11) DEFAULT NULL,
  `payment_id` varchar(255) DEFAULT NULL,
  `payment_url` text DEFAULT NULL,
  `status` int(11) DEFAULT NULL COMMENT '0 = Process,\r\n1 = Completed<\r\n2 = Rejected',
  `member_ship_id` int(11) DEFAULT NULL,
  `total_price` decimal(14,2) DEFAULT NULL,
  `is_paid` int(11) DEFAULT NULL COMMENT '0 = unsuccessfully payment,\r\n1 = successfully payment',
  `created_at` timestamp NULL DEFAULT NULL,
  `updated_at` timestamp NULL DEFAULT NULL
) ENGINE=InnoDB DEFAULT CHARSET=utf8mb4;

--
-- Dumping data for table `journies`
--

INSERT INTO `journies` (`id`, `invoice_number`, `user_id`, `guide_id`, `package_id`, `payment_id`, `payment_url`, `status`, `member_ship_id`, `total_price`, `is_paid`, `created_at`, `updated_at`) VALUES
(1, NULL, 2, 1, 1, 'ch_3KjXOdFF6yglEvQF0BSZeTnt', 'https://pay.stripe.com/receipts/acct_1KEflEFF6yglEvQF/ch_3KjXOdFF6yglEvQF0BSZeTnt/rcpt_LQOAabNv2v3rHVinXPIyXfPHB6Ee1yi', NULL, NULL, '604.00', NULL, '2022-04-01 04:27:20', '2022-04-01 04:27:20'),
(2, NULL, 8, 1, 1, '604', '0x65be55f49e00b0c909f8b86f1ddd1cea3b2e02851f9a71edb66247f9b318e93b', NULL, NULL, '604.00', NULL, '2022-04-29 05:11:05', '2022-04-29 05:11:05'),
(3, NULL, 8, 1, 1, '604', '0x43f6e1765c0139d748299474a1e6ca0a209f4cb7b4f8cabf010968f1ddf4c6b6', NULL, NULL, '604.00', NULL, '2022-04-29 05:11:40', '2022-04-29 05:11:40'),
(4, NULL, 1, 1, 3, 'ch_3KxwtXFF6yglEvQF1eNOeVha', 'https://pay.stripe.com/receipts/acct_1KEflEFF6yglEvQF/ch_3KxwtXFF6yglEvQF1eNOeVha/rcpt_LfHSIAlmnWSBT1GkehcCx12jkeWaHQF', NULL, NULL, '53.00', NULL, '2022-05-10 22:30:48', '2022-05-10 22:30:48'),
(5, NULL, 3, 1, 1, 'ch_3Kyg4HFF6yglEvQF0d4MUZ0h', 'https://pay.stripe.com/receipts/acct_1KEflEFF6yglEvQF/ch_3Kyg4HFF6yglEvQF0d4MUZ0h/rcpt_Lg28BU9DyQkPYpimAQyW7ac8s3ATtCW', NULL, NULL, '604.00', NULL, '2022-05-12 22:44:54', '2022-05-12 22:44:54'),
(6, NULL, 3, 1, 1, 'ch_3LBjLIFF6yglEvQF0viXIN0R', 'https://pay.stripe.com/receipts/acct_1KEflEFF6yglEvQF/ch_3LBjLIFF6yglEvQF0viXIN0R/rcpt_LtWOz1ZugIKJTPOR4Lt79K8DwTeZMkG', NULL, NULL, '604.00', NULL, '2022-06-17 21:52:25', '2022-06-17 21:52:25');

-- --------------------------------------------------------

--
-- Table structure for table `membership_plans`
--

CREATE TABLE `membership_plans` (
  `id` int(11) NOT NULL,
  `title` varchar(255) NOT NULL,
  `price` decimal(15,2) NOT NULL,
  `plan_type` varchar(255) DEFAULT NULL,
  `no_of_packages` int(11) NOT NULL,
  `duration` int(11) NOT NULL,
  `created_at` timestamp NOT NULL DEFAULT current_timestamp(),
  `updated_at` timestamp NOT NULL DEFAULT current_timestamp()
) ENGINE=InnoDB DEFAULT CHARSET=utf8mb4;

--
-- Dumping data for table `membership_plans`
--

INSERT INTO `membership_plans` (`id`, `title`, `price`, `plan_type`, `no_of_packages`, `duration`, `created_at`, `updated_at`) VALUES
(1, 'Free', '0.00', NULL, 1, 3, '2022-03-24 19:42:47', '2022-03-24 19:42:47'),
(2, 'Deluxe', '19.99', NULL, 5, 30, '2022-03-24 19:42:47', '2022-03-24 19:42:47'),
(3, 'Premium', '29.99', NULL, 2147483647, 30, '2022-03-24 19:42:51', '2022-03-24 19:42:51'),
(4, 'Monthly ', '19.99', 'Alternative', 2147483647, 30, '2022-03-24 19:42:51', '2022-03-24 19:42:51'),
(5, 'Quarterly', '55.00', 'Alternative', 2147483647, 90, '2022-03-24 19:46:18', '2022-03-24 19:46:18'),
(6, 'Half-Yearly', '100.00', 'Alternative', 2147483647, 180, '2022-03-24 19:46:18', '2022-03-24 19:46:18'),
(7, 'Yearly', '199.00', 'Alternative', 2147483647, 365, '2022-03-24 19:46:18', '2022-03-24 19:46:18');

-- --------------------------------------------------------

--
-- Table structure for table `member_ships`
--

CREATE TABLE `member_ships` (
  `id` int(11) NOT NULL,
  `user_id` int(11) NOT NULL,
  `membership_id` int(11) NOT NULL,
  `payment_id` varchar(255) DEFAULT NULL,
  `receipt_url` text DEFAULT NULL,
  `title` varchar(255) DEFAULT NULL,
  `price` decimal(14,2) DEFAULT NULL,
  `description` text DEFAULT NULL,
  `no_of_packages` bigint(11) DEFAULT NULL,
  `duration` int(11) NOT NULL,
  `created_at` timestamp NULL DEFAULT current_timestamp(),
  `updated_at` timestamp NULL DEFAULT current_timestamp()
) ENGINE=InnoDB DEFAULT CHARSET=utf8mb4;

--
-- Dumping data for table `member_ships`
--

INSERT INTO `member_ships` (`id`, `user_id`, `membership_id`, `payment_id`, `receipt_url`, `title`, `price`, `description`, `no_of_packages`, `duration`, `created_at`, `updated_at`) VALUES
(2, 1, 2, 'ch_3KjXHjFF6yglEvQF1mLdYumc', 'https://pay.stripe.com/receipts/acct_1KEflEFF6yglEvQF/ch_3KjXHjFF6yglEvQF1mLdYumc/rcpt_LQO3FncTi7nJjnTrpbV0eABcLYEts3g', 'Deluxe', '19.99', NULL, 5, 30, '2022-04-01 04:20:12', '2022-04-01 04:20:12'),
(7, 1, 7, 'ch_3KxwikFF6yglEvQF0w1RYxqe', 'https://pay.stripe.com/receipts/acct_1KEflEFF6yglEvQF/ch_3KxwikFF6yglEvQF0w1RYxqe/rcpt_LfHHJnH2XSF3UphCXT3w5QvfrMDhzmd', 'Yearly', '199.00', NULL, 2147483647, 365, '2022-05-10 22:19:39', '2022-05-10 22:19:39'),
(9, 29, 3, 'ch_3LB1kQFF6yglEvQF0uPnzC4G', 'https://pay.stripe.com/receipts/acct_1KEflEFF6yglEvQF/ch_3LB1kQFF6yglEvQF0uPnzC4G/rcpt_LsnLw85Ed3NpuQhiWPftQyFvZcCeYiG', 'Premium', '29.99', NULL, 2147483647, 30, '2022-06-15 23:19:27', '2022-06-15 23:19:27'),
(10, 63, 7, 'ch_3LELCrFF6yglEvQF0O7AkLZ4', 'https://pay.stripe.com/receipts/acct_1KEflEFF6yglEvQF/ch_3LELCrFF6yglEvQF0O7AkLZ4/rcpt_LwDejIpYr864JIeesGYbSmjIp2mHXya', 'Yearly', '199.00', NULL, 2147483647, 365, '2022-06-25 02:42:30', '2022-06-25 02:42:30'),
(11, 64, 6, 'ch_3LELLrFF6yglEvQF19noK3HA', 'https://pay.stripe.com/receipts/acct_1KEflEFF6yglEvQF/ch_3LELLrFF6yglEvQF19noK3HA/rcpt_LwDnMNyKu5UzRLgFkXaKS3BPJktW9GQ', 'Half-Yearly', '100.00', NULL, 2147483647, 180, '2022-06-25 02:51:48', '2022-06-25 02:51:48'),
(12, 65, 5, 'ch_3LELfOFF6yglEvQF0spZQkUR', 'https://pay.stripe.com/receipts/acct_1KEflEFF6yglEvQF/ch_3LELfOFF6yglEvQF0spZQkUR/rcpt_LwE7GJkV6wORsVwt4JQxIiJoEZkczzq', 'Quarterly', '55.00', NULL, 2147483647, 90, '2022-06-25 03:11:59', '2022-06-25 03:11:59'),
(13, 66, 4, 'ch_3LEMytFF6yglEvQF0NB1q5cx', 'https://pay.stripe.com/receipts/acct_1KEflEFF6yglEvQF/ch_3LEMytFF6yglEvQF0NB1q5cx/rcpt_LwFTSjzy3pArijsf4jQbQkGsA8j6uOs', 'Monthly ', '19.99', NULL, 2147483647, 30, '2022-06-25 04:36:12', '2022-06-25 04:36:12'),
(14, 67, 6, 'ch_3LENOeFF6yglEvQF09SSUTcB', 'https://pay.stripe.com/receipts/acct_1KEflEFF6yglEvQF/ch_3LENOeFF6yglEvQF09SSUTcB/rcpt_LwFuaDfIvbUAF1PMoHV0Vl0TkNQF1GV', 'Half-Yearly', '100.00', NULL, 2147483647, 180, '2022-06-25 05:02:49', '2022-06-25 05:02:49'),
(15, 68, 5, 'ch_3LENYjFF6yglEvQF1HxaRxQB', 'https://pay.stripe.com/receipts/acct_1KEflEFF6yglEvQF/ch_3LENYjFF6yglEvQF1HxaRxQB/rcpt_LwG44AAD0BauOh88isn0i49Of8towIJ', 'Quarterly', '55.00', NULL, 2147483647, 90, '2022-06-25 05:13:14', '2022-06-25 05:13:14'),
(16, 69, 6, 'ch_3LFMc8FF6yglEvQF18iwvQPu', 'https://pay.stripe.com/receipts/acct_1KEflEFF6yglEvQF/ch_3LFMc8FF6yglEvQF18iwvQPu/rcpt_LxHAdRfvOMg2UvHtAfUdIxrYzdnHTdF', 'Half-Yearly', '100.00', NULL, 2147483647, 180, '2022-06-27 22:24:49', '2022-06-27 22:24:49'),
(17, 70, 7, 'ch_3LFMljFF6yglEvQF0AhVOAEK', 'https://pay.stripe.com/receipts/acct_1KEflEFF6yglEvQF/ch_3LFMljFF6yglEvQF0AhVOAEK/rcpt_LxHK26xhNjzmkVopWPT8MhMUJkMGWcU', 'Yearly', '199.00', NULL, 2147483647, 365, '2022-06-27 22:34:44', '2022-06-27 22:34:44'),
(18, 71, 5, 'ch_3LFN0UFF6yglEvQF1dGM3Fnr', 'https://pay.stripe.com/receipts/acct_1KEflEFF6yglEvQF/ch_3LFN0UFF6yglEvQF1dGM3Fnr/rcpt_LxHZPehi5SyKRnQA3pRyidYnETVORWj', 'Quarterly', '55.00', NULL, 2147483647, 90, '2022-06-27 22:49:58', '2022-06-27 22:49:58'),
(19, 72, 7, 'ch_3LFNS0FF6yglEvQF0dsXeyip', 'https://pay.stripe.com/receipts/acct_1KEflEFF6yglEvQF/ch_3LFNS0FF6yglEvQF0dsXeyip/rcpt_LxI2rPunx3M4LVP0m5jDO9BjlzWNEtX', 'Yearly', '199.00', NULL, 2147483647, 365, '2022-06-27 23:18:25', '2022-06-27 23:18:25');

-- --------------------------------------------------------

--
-- Table structure for table `packages`
--

CREATE TABLE `packages` (
  `id` int(11) NOT NULL,
  `user_id` int(11) DEFAULT NULL,
  `title` varchar(255) DEFAULT NULL,
  `description` text DEFAULT NULL,
  `price` int(11) NOT NULL,
  `activity` varchar(255) NOT NULL,
  `from_date` date DEFAULT NULL,
  `end_date` date DEFAULT NULL,
  `is_taken` int(11) DEFAULT NULL COMMENT '0 = unavailable,\r\n1 = available',
  `country_id` int(11) DEFAULT NULL,
  `status` int(11) NOT NULL COMMENT '0 = active, 1 = inactive, 2 = deleted',
  `created_at` timestamp NULL DEFAULT current_timestamp(),
  `updated_at` timestamp NULL DEFAULT current_timestamp()
) ENGINE=InnoDB DEFAULT CHARSET=utf8mb4;

--
-- Dumping data for table `packages`
--

INSERT INTO `packages` (`id`, `user_id`, `title`, `description`, `price`, `activity`, `from_date`, `end_date`, `is_taken`, `country_id`, `status`, `created_at`, `updated_at`) VALUES
(1, 1, 'Maxime laborum Ad d', 'Excepturi natus duis', 604, 'Beaches', '2022-07-30', '2022-08-06', NULL, 233, 0, '2022-04-01 04:20:52', '2022-06-14 01:44:50'),
(2, 1, 'Natus temporibus inv', 'Quidem nostrum sunt', 153, 'Beaches', '2022-07-30', '2022-08-06', NULL, 233, 0, '2022-04-01 04:21:54', '2022-06-14 01:46:55'),
(3, 1, 'Ut iure commodo dese', 'Nulla dolores quia n', 53, 'Beaches', '2022-07-30', '2022-08-06', NULL, 233, 0, '2022-04-01 05:27:09', '2022-06-14 01:47:51'),
(4, 1, 'Consequatur et est', 'Debitis aliqua Erro', 297, 'Beaches', '2022-07-30', '2022-08-06', NULL, 233, 0, '2022-04-01 05:35:06', '2022-06-14 01:49:13'),
(5, 1, 'Nemo cumque deserunt', 'Sed omnis ipsum elig', 637, 'Beaches', '2022-07-30', '2022-08-06', NULL, 233, 0, '2022-04-01 05:35:49', '2022-06-14 01:50:53'),
(6, 1, 'dummy', 'dummy', 600, 'Beaches', '2022-07-30', '2022-08-06', NULL, 233, 1, '2022-04-04 23:41:15', '2022-06-14 01:51:45'),
(7, 1, 'Atque sunt odio sed', 'Tempor quis rerum di', 908, 'Beaches', '1973-09-10', '1972-06-09', NULL, 84, 2, '2022-04-05 00:50:38', '2022-04-05 00:51:25'),
(8, 1, 'Title', 'description', 900, 'Beaches', '2022-05-19', '2022-02-01', NULL, 4, 2, '2022-04-05 00:53:14', '2022-04-05 00:55:51'),
(9, 63, 'Laudantium minima q', 'Lorem Ipsum is simply dummy text of the printing and typesetting industry. Lorem Ipsum has been the industry\'s standard dummy text ever since the 1500s, when an unknown printer took a galley of type and scrambled it to make a type specimen book. It has survived not only five centuries, but also the leap into electronic typesetting, remaining essentially unchanged. It was popularised in the 1960s with the release of Letraset sheets containing Lorem Ipsum passages, and more recently with desktop publishing software like Aldus PageMaker including versions of Lorem Ipsum.', 353, 'Flea Markets', '2022-08-01', '2022-08-05', NULL, 75, 0, '2022-06-25 02:43:45', '2022-06-25 02:43:45'),
(10, 63, 'Et quia excepteur es', 'Lorem Ipsum is simply dummy text of the printing and typesetting industry. Lorem Ipsum has been the industry\'s standard dummy text ever since the 1500s, when an unknown printer took a galley of type and scrambled it to make a type specimen book. It has survived not only five centuries, but also the leap into electronic typesetting, remaining essentially unchanged. It was popularised in the 1960s with the release of Letraset sheets containing Lorem Ipsum passages, and more recently with desktop publishing software like Aldus PageMaker including versions of Lorem Ipsum.', 182, 'Safari', '2022-08-01', '2022-08-05', NULL, 75, 0, '2022-06-25 02:44:23', '2022-06-25 02:44:23'),
(11, 63, 'Hic perspiciatis ma', 'Lorem Ipsum is simply dummy text of the printing and typesetting industry. Lorem Ipsum has been the industry\'s standard dummy text ever since the 1500s, when an unknown printer took a galley of type and scrambled it to make a type specimen book. It has survived not only five centuries, but also the leap into electronic typesetting, remaining essentially unchanged. It was popularised in the 1960s with the release of Letraset sheets containing Lorem Ipsum passages, and more recently with desktop publishing software like Aldus PageMaker including versions of Lorem Ipsum.', 983, 'Deserts', '2022-08-01', '2022-08-05', NULL, 75, 0, '2022-06-25 02:45:17', '2022-06-25 02:45:17'),
(12, 63, 'Reiciendis saepe eos', 'Lorem Ipsum is simply dummy text of the printing and typesetting industry. Lorem Ipsum has been the industry\'s standard dummy text ever since the 1500s, when an unknown printer took a galley of type and scrambled it to make a type specimen book. It has survived not only five centuries, but also the leap into electronic typesetting, remaining essentially unchanged. It was popularised in the 1960s with the release of Letraset sheets containing Lorem Ipsum passages, and more recently with desktop publishing software like Aldus PageMaker including versions of Lorem Ipsum.', 605, 'Lake/River fronts', '2022-08-01', '2022-08-05', NULL, 75, 0, '2022-06-25 02:45:56', '2022-06-25 02:45:56'),
(13, 64, 'Ad elit aut ea omni', 'Lorem Ipsum is simply dummy text of the printing and typesetting industry. Lorem Ipsum has been the industry\'s standard dummy text ever since the 1500s, when an unknown printer took a galley of type and scrambled it to make a type specimen book. It has survived not only five centuries, but also the leap into electronic typesetting, remaining essentially unchanged. It was popularised in the 1960s with the release of Letraset sheets containing Lorem Ipsum passages, and more recently with desktop publishing software like Aldus PageMaker including versions of Lorem Ipsum.', 311, 'Lake/River fronts', '2022-08-01', '2022-08-05', NULL, 205, 0, '2022-06-25 02:53:15', '2022-06-25 02:53:15'),
(14, 64, 'Ipsum sed sed sit el', 'Lorem Ipsum is simply dummy text of the printing and typesetting industry. Lorem Ipsum has been the industry\'s standard dummy text ever since the 1500s, when an unknown printer took a galley of type and scrambled it to make a type specimen book. It has survived not only five centuries, but also the leap into electronic typesetting, remaining essentially unchanged. It was popularised in the 1960s with the release of Letraset sheets containing Lorem Ipsum passages, and more recently with desktop publishing software like Aldus PageMaker including versions of Lorem Ipsum.', 34, 'Safari', '2022-08-01', '2022-08-05', NULL, 205, 0, '2022-06-25 02:54:56', '2022-06-25 02:54:56'),
(15, 64, 'Irure consequat Vol', 'Lorem Ipsum is simply dummy text of the printing and typesetting industry. Lorem Ipsum has been the industry\'s standard dummy text ever since the 1500s, when an unknown printer took a galley of type and scrambled it to make a type specimen book. It has survived not only five centuries, but also the leap into electronic typesetting, remaining essentially unchanged. It was popularised in the 1960s with the release of Letraset sheets containing Lorem Ipsum passages, and more recently with desktop publishing software like Aldus PageMaker including versions of Lorem Ipsum.', 667, 'Concrete Jungles', '2022-08-01', '2022-08-05', NULL, 205, 0, '2022-06-25 02:55:34', '2022-06-25 02:55:34'),
(16, 64, 'Sit placeat accusa', 'Lorem Ipsum is simply dummy text of the printing and typesetting industry. Lorem Ipsum has been the industry\'s standard dummy text ever since the 1500s, when an unknown printer took a galley of type and scrambled it to make a type specimen book. It has survived not only five centuries, but also the leap into electronic typesetting, remaining essentially unchanged. It was popularised in the 1960s with the release of Letraset sheets containing Lorem Ipsum passages, and more recently with desktop publishing software like Aldus PageMaker including versions of Lorem Ipsum.', 519, 'Concrete Jungles', '2022-08-01', '2022-08-05', NULL, 205, 0, '2022-06-25 02:56:21', '2022-06-25 02:56:21'),
(17, 65, 'Autem nisi non ipsa', 'Lorem Ipsum is simply dummy text of the printing and typesetting industry. Lorem Ipsum has been the industry\'s standard dummy text ever since the 1500s, when an unknown printer took a galley of type and scrambled it to make a type specimen book. It has survived not only five centuries, but also the leap into electronic typesetting, remaining essentially unchanged. It was popularised in the 1960s with the release of Letraset sheets containing Lorem Ipsum passages, and more recently with desktop publishing software like Aldus PageMaker including versions of Lorem Ipsum.', 720, 'Tropical Rain forests', '2022-08-01', '2022-08-05', NULL, 233, 0, '2022-06-25 03:13:01', '2022-06-25 03:13:01'),
(18, 65, 'In ipsum id aut in a', 'Lorem Ipsum is simply dummy text of the printing and typesetting industry. Lorem Ipsum has been the industry\'s standard dummy text ever since the 1500s, when an unknown printer took a galley of type and scrambled it to make a type specimen book. It has survived not only five centuries, but also the leap into electronic typesetting, remaining essentially unchanged. It was popularised in the 1960s with the release of Letraset sheets containing Lorem Ipsum passages, and more recently with desktop publishing software like Aldus PageMaker including versions of Lorem Ipsum.', 463, 'Beaches', '2022-08-01', '2022-08-05', NULL, 233, 0, '2022-06-25 03:13:35', '2022-06-25 03:13:35'),
(19, 65, 'Architecto cillum co', 'Lorem Ipsum is simply dummy text of the printing and typesetting industry. Lorem Ipsum has been the industry\'s standard dummy text ever since the 1500s, when an unknown printer took a galley of type and scrambled it to make a type specimen book. It has survived not only five centuries, but also the leap into electronic typesetting, remaining essentially unchanged. It was popularised in the 1960s with the release of Letraset sheets containing Lorem Ipsum passages, and more recently with desktop publishing software like Aldus PageMaker including versions of Lorem Ipsum.', 30, 'Tropical Rain forests', '2022-08-01', '2022-08-05', NULL, 233, 0, '2022-06-25 03:14:14', '2022-06-25 03:14:14'),
(20, 65, 'Eu architecto exerci', 'Lorem Ipsum is simply dummy text of the printing and typesetting industry. Lorem Ipsum has been the industry\'s standard dummy text ever since the 1500s, when an unknown printer took a galley of type and scrambled it to make a type specimen book. It has survived not only five centuries, but also the leap into electronic typesetting, remaining essentially unchanged. It was popularised in the 1960s with the release of Letraset sheets containing Lorem Ipsum passages, and more recently with desktop publishing software like Aldus PageMaker including versions of Lorem Ipsum.', 739, 'Safari', '2022-08-01', '2022-08-05', NULL, 233, 0, '2022-06-25 03:14:47', '2022-06-25 03:14:47'),
(21, 66, 'Id culpa labore eum', 'Lorem Ipsum is simply dummy text of the printing and typesetting industry. Lorem Ipsum has been the industry\'s standard dummy text ever since the 1500s, when an unknown printer took a galley of type and scrambled it to make a type specimen book. It has survived not only five centuries, but also the leap into electronic typesetting, remaining essentially unchanged. It was popularised in the 1960s with the release of Letraset sheets containing Lorem Ipsum passages, and more recently with desktop publishing software like Aldus PageMaker including versions of Lorem Ipsum.', 210, 'Safari', '2022-08-01', '2022-08-05', NULL, 47, 0, '2022-06-25 04:37:23', '2022-06-25 04:37:23'),
(22, 67, 'Sapiente nostrum sin', 'Lorem Ipsum is simply dummy text of the printing and typesetting industry. Lorem Ipsum has been the industry\'s standard dummy text ever since the 1500s, when an unknown printer took a galley of type and scrambled it to make a type specimen book. It has survived not only five centuries, but also the leap into electronic typesetting, remaining essentially unchanged. It was popularised in the 1960s with the release of Letraset sheets containing Lorem Ipsum passages, and more recently with desktop publishing software like Aldus PageMaker including versions of Lorem Ipsum.', 826, 'Safari', '2022-08-01', '2022-08-05', NULL, 83, 0, '2022-06-25 05:03:34', '2022-06-25 05:03:34'),
(23, 67, 'Deleniti vero illum', 'Lorem Ipsum is simply dummy text of the printing and typesetting industry. Lorem Ipsum has been the industry\'s standard dummy text ever since the 1500s, when an unknown printer took a galley of type and scrambled it to make a type specimen book. It has survived not only five centuries, but also the leap into electronic typesetting, remaining essentially unchanged. It was popularised in the 1960s with the release of Letraset sheets containing Lorem Ipsum passages, and more recently with desktop publishing software like Aldus PageMaker including versions of Lorem Ipsum.', 688, 'Concrete Jungles', '2022-08-01', '2022-08-05', NULL, 83, 0, '2022-06-25 05:04:08', '2022-06-25 05:04:08'),
(24, 67, 'Quaerat excepteur ar', 'Lorem Ipsum is simply dummy text of the printing and typesetting industry. Lorem Ipsum has been the industry\'s standard dummy text ever since the 1500s, when an unknown printer took a galley of type and scrambled it to make a type specimen book. It has survived not only five centuries, but also the leap into electronic typesetting, remaining essentially unchanged. It was popularised in the 1960s with the release of Letraset sheets containing Lorem Ipsum passages, and more recently with desktop publishing software like Aldus PageMaker including versions of Lorem Ipsum.', 669, 'Volcanic Hotspots', '2022-08-01', '2022-08-05', NULL, 39, 0, '2022-06-25 05:04:38', '2022-06-25 05:04:38'),
(25, 67, 'Exercitation delectu', 'Lorem Ipsum is simply dummy text of the printing and typesetting industry. Lorem Ipsum has been the industry\'s standard dummy text ever since the 1500s, when an unknown printer took a galley of type and scrambled it to make a type specimen book. It has survived not only five centuries, but also the leap into electronic typesetting, remaining essentially unchanged. It was popularised in the 1960s with the release of Letraset sheets containing Lorem Ipsum passages, and more recently with desktop publishing software like Aldus PageMaker including versions of Lorem Ipsum.', 568, 'Tropical Rain forests', '2022-08-01', '2022-08-05', NULL, 83, 0, '2022-06-25 05:05:36', '2022-06-25 05:05:36'),
(26, 67, 'Accusantium eu volup', 'Lorem Ipsum is simply dummy text of the printing and typesetting industry. Lorem Ipsum has been the industry\'s standard dummy text ever since the 1500s, when an unknown printer took a galley of type and scrambled it to make a type specimen book. It has survived not only five centuries, but also the leap into electronic typesetting, remaining essentially unchanged. It was popularised in the 1960s with the release of Letraset sheets containing Lorem Ipsum passages, and more recently with desktop publishing software like Aldus PageMaker including versions of Lorem Ipsum.', 362, 'Concrete Jungles', '2022-08-01', '2022-08-05', NULL, 83, 0, '2022-06-25 05:06:19', '2022-06-25 05:06:19'),
(27, 69, 'Rerum dolor eiusmod', 'Lorem Ipsum is simply dummy text of the printing and typesetting industry. Lorem Ipsum has been the industry\'s standard dummy text ever since the 1500s, when an unknown printer took a galley of type and scrambled it to make a type specimen book. It has survived not only five centuries, but also the leap into electronic typesetting, remaining essentially unchanged. It was popularised in the 1960s with the release of Letraset sheets containing Lorem Ipsum passages, and more recently with desktop publishing software like Aldus PageMaker including versions of Lorem Ipsum.', 333, 'Safari', '2022-08-01', '2022-08-05', NULL, 145, 0, '2022-06-27 22:25:33', '2022-06-27 22:25:33'),
(28, 69, 'Adipisci voluptate a', 'Lorem Ipsum is simply dummy text of the printing and typesetting industry. Lorem Ipsum has been the industry\'s standard dummy text ever since the 1500s, when an unknown printer took a galley of type and scrambled it to make a type specimen book. It has survived not only five centuries, but also the leap into electronic typesetting, remaining essentially unchanged. It was popularised in the 1960s with the release of Letraset sheets containing Lorem Ipsum passages, and more recently with desktop publishing software like Aldus PageMaker including versions of Lorem Ipsum.', 484, 'Wine Country', '2022-08-01', '2022-08-05', NULL, 145, 0, '2022-06-27 22:26:17', '2022-06-27 22:26:17'),
(29, 69, 'Magni est nemo obca', 'Lorem Ipsum is simply dummy text of the printing and typesetting industry. Lorem Ipsum has been the industry\'s standard dummy text ever since the 1500s, when an unknown printer took a galley of type and scrambled it to make a type specimen book. It has survived not only five centuries, but also the leap into electronic typesetting, remaining essentially unchanged. It was popularised in the 1960s with the release of Letraset sheets containing Lorem Ipsum passages, and more recently with desktop publishing software like Aldus PageMaker including versions of Lorem Ipsum.', 517, 'Beaches', '2022-08-01', '2022-08-05', NULL, 145, 0, '2022-06-27 22:27:53', '2022-06-27 22:27:53'),
(30, 69, 'Et omnis culpa veri', 'Lorem Ipsum is simply dummy text of the printing and typesetting industry. Lorem Ipsum has been the industry\'s standard dummy text ever since the 1500s, when an unknown printer took a galley of type and scrambled it to make a type specimen book. It has survived not only five centuries, but also the leap into electronic typesetting, remaining essentially unchanged. It was popularised in the 1960s with the release of Letraset sheets containing Lorem Ipsum passages, and more recently with desktop publishing software like Aldus PageMaker including versions of Lorem Ipsum.', 629, 'Lake/River fronts', '2022-08-01', '2022-08-05', NULL, 145, 0, '2022-06-27 22:28:42', '2022-06-27 22:28:42'),
(31, 69, 'Voluptas esse harum', 'Lorem Ipsum is simply dummy text of the printing and typesetting industry. Lorem Ipsum has been the industry\'s standard dummy text ever since the 1500s, when an unknown printer took a galley of type and scrambled it to make a type specimen book. It has survived not only five centuries, but also the leap into electronic typesetting, remaining essentially unchanged. It was popularised in the 1960s with the release of Letraset sheets containing Lorem Ipsum passages, and more recently with desktop publishing software like Aldus PageMaker including versions of Lorem Ipsum.', 932, 'Mountains', '2022-08-01', '2022-08-05', NULL, 145, 0, '2022-06-27 22:29:33', '2022-06-27 22:29:33'),
(32, 70, 'Ut id sint et sunt u', 'Lorem Ipsum is simply dummy text of the printing and typesetting industry. Lorem Ipsum has been the industry\'s standard dummy text ever since the 1500s, when an unknown printer took a galley of type and scrambled it to make a type specimen book. It has survived not only five centuries, but also the leap into electronic typesetting, remaining essentially unchanged. It was popularised in the 1960s with the release of Letraset sheets containing Lorem Ipsum passages, and more recently with desktop publishing software like Aldus PageMaker including versions of Lorem Ipsum.', 851, 'Safari', '2022-08-01', '2022-08-05', NULL, 219, 0, '2022-06-27 22:35:42', '2022-06-27 22:35:42'),
(33, 70, 'Ea eum officiis in a', 'Lorem Ipsum is simply dummy text of the printing and typesetting industry. Lorem Ipsum has been the industry\'s standard dummy text ever since the 1500s, when an unknown printer took a galley of type and scrambled it to make a type specimen book. It has survived not only five centuries, but also the leap into electronic typesetting, remaining essentially unchanged. It was popularised in the 1960s with the release of Letraset sheets containing Lorem Ipsum passages, and more recently with desktop publishing software like Aldus PageMaker including versions of Lorem Ipsum.', 985, 'Forests', '2022-08-01', '2022-08-05', NULL, 219, 0, '2022-06-27 22:36:37', '2022-06-27 22:36:37'),
(34, 70, 'Eiusmod iure illum', 'Lorem Ipsum is simply dummy text of the printing and typesetting industry. Lorem Ipsum has been the industry\'s standard dummy text ever since the 1500s, when an unknown printer took a galley of type and scrambled it to make a type specimen book. It has survived not only five centuries, but also the leap into electronic typesetting, remaining essentially unchanged. It was popularised in the 1960s with the release of Letraset sheets containing Lorem Ipsum passages, and more recently with desktop publishing software like Aldus PageMaker including versions of Lorem Ipsum.', 532, 'Beaches', '2022-08-01', '2022-08-05', NULL, 219, 0, '2022-06-27 22:37:11', '2022-06-27 22:37:11'),
(35, 70, 'Laboris fuga Archit', 'Lorem Ipsum is simply dummy text of the printing and typesetting industry. Lorem Ipsum has been the industry\'s standard dummy text ever since the 1500s, when an unknown printer took a galley of type and scrambled it to make a type specimen book. It has survived not only five centuries, but also the leap into electronic typesetting, remaining essentially unchanged. It was popularised in the 1960s with the release of Letraset sheets containing Lorem Ipsum passages, and more recently with desktop publishing software like Aldus PageMaker including versions of Lorem Ipsum.', 505, 'Ancient Architecture', '2022-08-01', '2022-08-05', NULL, 219, 0, '2022-06-27 22:37:59', '2022-06-27 22:37:59'),
(36, 71, 'Qui ipsum accusanti', 'Lorem Ipsum is simply dummy text of the printing and typesetting industry. Lorem Ipsum has been the industry\'s standard dummy text ever since the 1500s, when an unknown printer took a galley of type and scrambled it to make a type specimen book. It has survived not only five centuries, but also the leap into electronic typesetting, remaining essentially unchanged. It was popularised in the 1960s with the release of Letraset sheets containing Lorem Ipsum passages, and more recently with desktop publishing software like Aldus PageMaker including versions of Lorem Ipsum.', 850, 'Lake/River fronts', '2022-08-01', '2022-08-05', NULL, 225, 0, '2022-06-27 22:51:17', '2022-06-27 22:51:17'),
(37, 71, 'Provident et volupt', 'Lorem Ipsum is simply dummy text of the printing and typesetting industry. Lorem Ipsum has been the industry\'s standard dummy text ever since the 1500s, when an unknown printer took a galley of type and scrambled it to make a type specimen book. It has survived not only five centuries, but also the leap into electronic typesetting, remaining essentially unchanged. It was popularised in the 1960s with the release of Letraset sheets containing Lorem Ipsum passages, and more recently with desktop publishing software like Aldus PageMaker including versions of Lorem Ipsum.', 429, 'Tropical Rain forests', '2022-08-01', '2022-08-05', NULL, 225, 0, '2022-06-27 22:51:53', '2022-06-27 22:51:53'),
(38, 66, 'Ut ut possimus sit', 'Sit facilis aliqua', 897, 'Lake/River fronts', '2022-06-28', '2022-06-29', NULL, 17, 2, '2022-06-27 22:54:01', '2022-06-27 22:54:20'),
(39, 71, 'Cumque dolore porro', 'Lorem Ipsum is simply dummy text of the printing and typesetting industry. Lorem Ipsum has been the industry\'s standard dummy text ever since the 1500s, when an unknown printer took a galley of type and scrambled it to make a type specimen book. It has survived not only five centuries, but also the leap into electronic typesetting, remaining essentially unchanged. It was popularised in the 1960s with the release of Letraset sheets containing Lorem Ipsum passages, and more recently with desktop publishing software like Aldus PageMaker including versions of Lorem Ipsum.', 875, 'Tropical Rain forests', '2022-08-01', '2022-08-05', NULL, 225, 0, '2022-06-27 22:55:58', '2022-06-27 22:55:58'),
(40, 71, 'Ullamco adipisci ut', 'Lorem Ipsum is simply dummy text of the printing and typesetting industry. Lorem Ipsum has been the industry\'s standard dummy text ever since the 1500s, when an unknown printer took a galley of type and scrambled it to make a type specimen book. It has survived not only five centuries, but also the leap into electronic typesetting, remaining essentially unchanged. It was popularised in the 1960s with the release of Letraset sheets containing Lorem Ipsum passages, and more recently with desktop publishing software like Aldus PageMaker including versions of Lorem Ipsum.', 958, 'Beaches', '2022-08-01', '2022-08-05', NULL, 225, 0, '2022-06-27 23:14:03', '2022-06-27 23:14:03'),
(41, 72, 'Repudiandae veritati', 'Lorem Ipsum is simply dummy text of the printing and typesetting industry. Lorem Ipsum has been the industry\'s standard dummy text ever since the 1500s, when an unknown printer took a galley of type and scrambled it to make a type specimen book. It has survived not only five centuries, but also the leap into electronic typesetting, remaining essentially unchanged. It was popularised in the 1960s with the release of Letraset sheets containing Lorem Ipsum passages, and more recently with desktop publishing software like Aldus PageMaker including versions of Lorem Ipsum.', 265, 'Forests', '2022-08-01', '2022-08-05', NULL, 232, 0, '2022-06-27 23:32:08', '2022-06-27 23:32:08'),
(42, 72, 'Vel consequat Dolor', 'Lorem Ipsum is simply dummy text of the printing and typesetting industry. Lorem Ipsum has been the industry\'s standard dummy text ever since the 1500s, when an unknown printer took a galley of type and scrambled it to make a type specimen book. It has survived not only five centuries, but also the leap into electronic typesetting, remaining essentially unchanged. It was popularised in the 1960s with the release of Letraset sheets containing Lorem Ipsum passages, and more recently with desktop publishing software like Aldus PageMaker including versions of Lorem Ipsum.', 100, 'Tropical Rain forests', '2022-08-01', '2022-08-05', NULL, 232, 0, '2022-06-27 23:32:44', '2022-06-27 23:32:44'),
(43, 72, 'Est id id deserunt', 'Lorem Ipsum is simply dummy text of the printing and typesetting industry. Lorem Ipsum has been the industry\'s standard dummy text ever since the 1500s, when an unknown printer took a galley of type and scrambled it to make a type specimen book. It has survived not only five centuries, but also the leap into electronic typesetting, remaining essentially unchanged. It was popularised in the 1960s with the release of Letraset sheets containing Lorem Ipsum passages, and more recently with desktop publishing software like Aldus PageMaker including versions of Lorem Ipsum.', 305, 'Lake/River fronts', '2022-08-01', '2022-08-05', NULL, 232, 0, '2022-06-27 23:33:38', '2022-06-27 23:33:38'),
(44, 66, 'Culpa laboris pariat', 'Lorem Ipsum is simply dummy text of the printing and typesetting industry. Lorem Ipsum has been the industry\'s standard dummy text ever since the 1500s, when an unknown printer took a galley of type and scrambled it to make a type specimen book. It has survived not only five centuries, but also the leap into electronic typesetting, remaining essentially unchanged. It was popularised in the 1960s with the release of Letraset sheets containing Lorem Ipsum passages, and more recently with desktop publishing software like Aldus PageMaker including versions of Lorem Ipsum.', 569, 'Safari', '2022-08-01', '2022-08-05', NULL, 47, 0, '2022-06-27 23:36:27', '2022-06-27 23:36:27'),
(45, 66, 'Amet omnis recusand', 'Lorem Ipsum is simply dummy text of the printing and typesetting industry. Lorem Ipsum has been the industry\'s standard dummy text ever since the 1500s, when an unknown printer took a galley of type and scrambled it to make a type specimen book. It has survived not only five centuries, but also the leap into electronic typesetting, remaining essentially unchanged. It was popularised in the 1960s with the release of Letraset sheets containing Lorem Ipsum passages, and more recently with desktop publishing software like Aldus PageMaker including versions of Lorem Ipsum.', 538, 'Safari', '2022-08-01', '2022-08-05', NULL, 47, 0, '2022-06-27 23:37:05', '2022-06-27 23:37:05'),
(46, 68, 'Nemo voluptas laudan', 'Lorem Ipsum is simply dummy text of the printing and typesetting industry. Lorem Ipsum has been the industry\'s standard dummy text ever since the 1500s, when an unknown printer took a galley of type and scrambled it to make a type specimen book. It has survived not only five centuries, but also the leap into electronic typesetting, remaining essentially unchanged. It was popularised in the 1960s with the release of Letraset sheets containing Lorem Ipsum passages, and more recently with desktop publishing software like Aldus PageMaker including versions of Lorem Ipsum.', 335, 'Flea Markets', '2022-08-01', '2022-08-05', NULL, 109, 0, '2022-06-27 23:43:20', '2022-06-27 23:43:20'),
(47, 68, 'Quos vitae at volupt', 'Lorem Ipsum is simply dummy text of the printing and typesetting industry. Lorem Ipsum has been the industry\'s standard dummy text ever since the 1500s, when an unknown printer took a galley of type and scrambled it to make a type specimen book. It has survived not only five centuries, but also the leap into electronic typesetting, remaining essentially unchanged. It was popularised in the 1960s with the release of Letraset sheets containing Lorem Ipsum passages, and more recently with desktop publishing software like Aldus PageMaker including versions of Lorem Ipsum.', 150, 'Lake/River fronts', '2022-08-01', '2022-08-05', NULL, 109, 0, '2022-06-27 23:43:52', '2022-06-27 23:43:52'),
(48, 68, 'Cillum fugiat nobis', 'Lorem Ipsum is simply dummy text of the printing and typesetting industry. Lorem Ipsum has been the industry\'s standard dummy text ever since the 1500s, when an unknown printer took a galley of type and scrambled it to make a type specimen book. It has survived not only five centuries, but also the leap into electronic typesetting, remaining essentially unchanged. It was popularised in the 1960s with the release of Letraset sheets containing Lorem Ipsum passages, and more recently with desktop publishing software like Aldus PageMaker including versions of Lorem Ipsum.', 628, 'Safari', '2022-08-01', '2022-08-05', NULL, 109, 0, '2022-06-27 23:44:58', '2022-06-27 23:44:58');

-- --------------------------------------------------------

--
-- Table structure for table `package_requests`
--

CREATE TABLE `package_requests` (
  `id` int(11) NOT NULL,
  `username` varchar(255) NOT NULL,
  `email` varchar(255) NOT NULL,
  `user_id` int(11) DEFAULT NULL,
  `country_id` int(11) NOT NULL,
  `start_date` date NOT NULL,
  `end_date` date NOT NULL,
  `no_of_person` int(11) NOT NULL,
  `starting_point` varchar(255) NOT NULL,
  `destination` varchar(255) NOT NULL,
  `comment` varchar(255) NOT NULL,
  `status` int(11) NOT NULL DEFAULT 0,
  `updated_at` timestamp NOT NULL DEFAULT current_timestamp(),
  `created_at` timestamp NOT NULL DEFAULT current_timestamp()
) ENGINE=InnoDB DEFAULT CHARSET=utf8mb4;

--
-- Dumping data for table `package_requests`
--

INSERT INTO `package_requests` (`id`, `username`, `email`, `user_id`, `country_id`, `start_date`, `end_date`, `no_of_person`, `starting_point`, `destination`, `comment`, `status`, `updated_at`, `created_at`) VALUES
(8, 'test', 'Test@test.com', 1, 16, '2022-05-16', '2022-05-20', 5, 'Australia', 'Australia', 'testes', 0, '2022-05-12 22:49:46', '2022-05-12 22:49:46');

-- --------------------------------------------------------

--
-- Table structure for table `personal_access_tokens`
--

CREATE TABLE `personal_access_tokens` (
  `id` int(11) NOT NULL,
  `tokenable_type` varchar(255) COLLATE utf8mb4_unicode_ci NOT NULL,
  `tokenable_id` bigint(20) UNSIGNED NOT NULL,
  `name` varchar(255) COLLATE utf8mb4_unicode_ci NOT NULL,
  `token` varchar(64) COLLATE utf8mb4_unicode_ci NOT NULL,
  `abilities` text COLLATE utf8mb4_unicode_ci DEFAULT NULL,
  `last_used_at` timestamp NULL DEFAULT NULL,
  `created_at` timestamp NULL DEFAULT NULL,
  `updated_at` timestamp NULL DEFAULT NULL
) ENGINE=InnoDB DEFAULT CHARSET=utf8mb4 COLLATE=utf8mb4_unicode_ci;

--
-- Dumping data for table `personal_access_tokens`
--

INSERT INTO `personal_access_tokens` (`id`, `tokenable_type`, `tokenable_id`, `name`, `token`, `abilities`, `last_used_at`, `created_at`, `updated_at`) VALUES
(8, 'App\\Models\\User', 4, 'auth_token', 'fa152fff48c0a86d40ccb2a55ada0510a8e53afee9babb3fbbcb94aa59324b07', '[\"*\"]', NULL, '2022-06-15 23:31:59', '2022-06-15 23:31:59'),
(9, 'App\\Models\\User', 4, 'auth_token', 'd02fbbc97e16f1e1918f16f70892fe200b5d4b28c4e2444f81db736bb9660f72', '[\"*\"]', NULL, '2022-06-15 23:46:10', '2022-06-15 23:46:10'),
(10, 'App\\Models\\User', 4, 'auth_token', '2335a40e8ecc14db76f8c37d01bf268d8a6882d86725553ba3b3c50b62775f27', '[\"*\"]', NULL, '2022-06-15 23:46:25', '2022-06-15 23:46:25'),
(59, 'App\\Models\\User', 30, 'auth_token', '25c4dfd898e1f33164916a80c5cf9a5dc29585f00692e0b420c36481d7f188ef', '[\"*\"]', '2022-06-16 18:05:03', '2022-06-16 17:59:00', '2022-06-16 18:05:03'),
(80, 'App\\Models\\User', 27, 'auth_token', '82fd08d0df52217b28e0383aba64252926e9110abc8ed67e3b9407b9809da007', '[\"*\"]', '2022-06-17 11:45:32', '2022-06-17 11:45:22', '2022-06-17 11:45:32'),
(84, 'App\\Models\\User', 27, 'auth_token', '08751dd21e6c74d94092a37b75038efcee4483cd47bebdf16b4bae115da3d3ad', '[\"*\"]', '2022-06-20 16:02:31', '2022-06-17 14:57:28', '2022-06-20 16:02:31'),
(85, 'App\\Models\\User', 43, 'auth_token', '2f638dc92db6fe32925adc7195c5f4aef8ecb1b903100db3b1575ef1885fb354', '[\"*\"]', NULL, '2022-06-17 15:04:48', '2022-06-17 15:04:48'),
(89, 'App\\Models\\User', 43, 'auth_token', 'e627760ee9c0508b4c510b18752e8c3532315174b41996d45d6d4a65bf7fcb1e', '[\"*\"]', NULL, '2022-06-17 17:14:12', '2022-06-17 17:14:12'),
(90, 'App\\Models\\User', 27, 'auth_token', 'd1dff37b88e3bc4c413d6eac2ba7a20f5e7dd89fa8dba0fbf420a28325c9ddff', '[\"*\"]', '2022-06-17 18:20:33', '2022-06-17 18:09:56', '2022-06-17 18:20:33'),
(91, 'App\\Models\\User', 27, 'auth_token', '362c1d452dff46ff4b37128c3b31c3e9dc9dcf1177db9380337dc07bfc0fb7c7', '[\"*\"]', '2022-06-23 14:13:41', '2022-06-17 21:47:37', '2022-06-23 14:13:41'),
(92, 'App\\Models\\User', 43, 'auth_token', '7a5642c4e77fc7a3926f5e7ba607a588d0d57b2d82ca72f6f888b5152f99be5c', '[\"*\"]', '2022-06-20 15:18:37', '2022-06-20 14:25:59', '2022-06-20 15:18:37'),
(95, 'App\\Models\\User', 43, 'auth_token', 'bfa527c093cc3e2a4c8c6f4d724094261eb679cd457f48f850138726c1b50712', '[\"*\"]', '2022-06-22 16:35:39', '2022-06-20 15:56:21', '2022-06-22 16:35:39'),
(97, 'App\\Models\\User', 43, 'auth_token', '5651921b0bf2e83686b74bf1c28f39d1850a7e198b7a4efb133fe6beaf324bc1', '[\"*\"]', '2022-06-22 14:36:47', '2022-06-20 17:51:40', '2022-06-22 14:36:47'),
(98, 'App\\Models\\User', 27, 'auth_token', 'bd28a63cdb6f0b4600c7d1bc4297cdacd4c76847335547fb2c1c65eedec7c20c', '[\"*\"]', NULL, '2022-06-20 19:10:16', '2022-06-20 19:10:16'),
(99, 'App\\Models\\User', 27, 'auth_token', 'b848e0e46ffbdd2767b5fb1a5aba00f53a9f65a53b62bbabf39e0fb22ee20b80', '[\"*\"]', '2022-06-20 19:19:48', '2022-06-20 19:11:28', '2022-06-20 19:19:48'),
(100, 'App\\Models\\User', 27, 'auth_token', '3d2c3c5ef84d643f960fb861d1e790f88a9f6a0aec47bfbc4205105b96e10458', '[\"*\"]', '2022-06-20 19:35:45', '2022-06-20 19:26:23', '2022-06-20 19:35:45'),
(101, 'App\\Models\\User', 27, 'auth_token', '9623e2757c1e3460b5718a9d9c6821f679824b48905bc112b4bacf5a1c2c298c', '[\"*\"]', '2022-06-23 17:41:40', '2022-06-21 20:07:14', '2022-06-23 17:41:40'),
(103, 'App\\Models\\User', 43, 'auth_token', '610d249800214ad9f7b3969e025e9ff9248ee34e522a9eecefd06e28278bc891', '[\"*\"]', '2022-06-23 14:13:32', '2022-06-22 15:59:30', '2022-06-23 14:13:32'),
(108, 'App\\Models\\User', 43, 'auth_token', '90ce6d31db6bad67702846ea79a1dc6768c278a00eb02a54ee6ea768fb2de5a4', '[\"*\"]', '2022-06-22 18:10:02', '2022-06-22 17:47:00', '2022-06-22 18:10:02'),
(109, 'App\\Models\\User', 43, 'auth_token', '4da40e01473b422afae3d379c60ec01ee212d0921f8881ee9bd8b7580f029cf8', '[\"*\"]', '2022-06-23 17:32:04', '2022-06-22 18:12:05', '2022-06-23 17:32:04'),
(110, 'App\\Models\\User', 27, 'auth_token', '2a69aed0f6419ff9b5599ef30830a1c1b80e062f17d9c1915f1f728fd00b1a96', '[\"*\"]', '2022-06-23 19:09:20', '2022-06-23 15:21:33', '2022-06-23 19:09:20'),
(111, 'App\\Models\\User', 43, 'auth_token', '582577c6ea6e2b8e57d479ae1ddebae3b842eecf0cc3acca89edb5c22d460fad', '[\"*\"]', '2022-06-23 15:57:06', '2022-06-23 15:52:42', '2022-06-23 15:57:06'),
(112, 'App\\Models\\User', 43, 'auth_token', '5134d74e2ee558b5d08fa63b7be9d8e109256c269455056753a9c3de92091734', '[\"*\"]', '2022-06-27 13:13:13', '2022-06-23 16:00:17', '2022-06-27 13:13:13'),
(114, 'App\\Models\\User', 43, 'auth_token', 'c29cdfd1b1c5968d7cccdd2f2cd010e4c6c13c5068c42ded4eb61b65a9f1c7ba', '[\"*\"]', '2022-06-23 17:43:40', '2022-06-23 17:35:04', '2022-06-23 17:43:40'),
(116, 'App\\Models\\User', 43, 'auth_token', '995e11093027412741d3df1808cb233f5b3c397bf45eebea25df851d6157a1c9', '[\"*\"]', '2022-06-23 17:55:12', '2022-06-23 17:46:16', '2022-06-23 17:55:12'),
(118, 'App\\Models\\User', 43, 'auth_token', 'bce7d8974101aa43b1a363a03b72f966f9e2f01198dcd6f649f949351a800eaf', '[\"*\"]', '2022-06-28 15:37:52', '2022-06-23 18:10:39', '2022-06-28 15:37:52'),
(122, 'App\\Models\\User', 44, 'auth_token', '75ea74bb7efc3fd681a0afa9a91a9355c1b0bf6677bccb23760bb81d7fbb2972', '[\"*\"]', '2022-06-27 13:10:29', '2022-06-24 21:02:31', '2022-06-27 13:10:29');

-- --------------------------------------------------------

--
-- Table structure for table `profiles`
--

CREATE TABLE `profiles` (
  `id` int(11) NOT NULL,
  `user_id` int(11) DEFAULT NULL,
  `full_name` varchar(255) DEFAULT NULL,
  `phone` varchar(255) DEFAULT NULL,
  `address` text DEFAULT NULL,
  `zip_code` varchar(255) DEFAULT NULL,
  `country_id` int(11) DEFAULT NULL,
  `country` varchar(255) DEFAULT NULL,
  `account_title` varchar(255) DEFAULT NULL,
  `account_number` varchar(255) DEFAULT NULL,
  `created_at` timestamp NULL DEFAULT current_timestamp(),
  `updated_at` timestamp NULL DEFAULT current_timestamp()
) ENGINE=InnoDB DEFAULT CHARSET=utf8mb4;

--
-- Dumping data for table `profiles`
--

INSERT INTO `profiles` (`id`, `user_id`, `full_name`, `phone`, `address`, `zip_code`, `country_id`, `country`, `account_title`, `account_number`, `created_at`, `updated_at`) VALUES
(1, 1, 'Guider', NULL, NULL, NULL, NULL, NULL, NULL, NULL, '2022-04-01 03:50:01', '2022-04-01 03:50:01'),
(2, 2, 'b', NULL, NULL, NULL, NULL, NULL, NULL, NULL, '2022-04-01 04:24:49', '2022-04-01 04:24:49'),
(3, 3, 'jh', NULL, NULL, NULL, NULL, NULL, NULL, NULL, '2022-04-01 05:03:03', '2022-04-01 05:03:03'),
(13, 28, 'Mack', NULL, NULL, NULL, 7, NULL, NULL, NULL, '2022-06-15 19:01:37', '2022-06-15 19:01:37'),
(14, 29, 'guider2', '6513651614', NULL, NULL, 18, NULL, NULL, NULL, '2022-06-15 23:12:44', '2022-06-15 23:12:44'),
(15, 30, 'martix', NULL, NULL, NULL, 233, NULL, NULL, NULL, '2022-06-16 15:41:23', '2022-06-16 15:41:23'),
(16, 31, 'Mack', NULL, NULL, NULL, 233, NULL, NULL, NULL, '2022-06-16 15:42:30', '2022-06-16 15:42:30'),
(17, 32, 'Mack', NULL, NULL, NULL, 233, NULL, NULL, NULL, '2022-06-16 16:44:43', '2022-06-16 16:44:43'),
(18, 33, 'Mack', NULL, NULL, NULL, 7, NULL, NULL, NULL, '2022-06-16 17:06:02', '2022-06-16 17:06:02'),
(23, 38, 'martix', NULL, NULL, NULL, 233, NULL, NULL, NULL, '2022-06-16 18:19:10', '2022-06-16 18:19:10'),
(24, 39, 'Mack', NULL, NULL, NULL, 233, NULL, NULL, NULL, '2022-06-16 18:22:18', '2022-06-16 18:22:18'),
(25, 40, 'kiv', NULL, NULL, NULL, 233, NULL, NULL, NULL, '2022-06-16 19:17:49', '2022-06-16 19:17:49'),
(26, 41, 'kiv2', NULL, NULL, NULL, 233, NULL, NULL, NULL, '2022-06-16 19:23:19', '2022-06-16 19:23:19'),
(27, 42, 'kiv3', NULL, NULL, NULL, 233, NULL, NULL, NULL, '2022-06-16 19:24:34', '2022-06-16 19:24:34'),
(28, 43, 'bilal', NULL, NULL, NULL, 233, NULL, NULL, NULL, '2022-06-16 20:05:02', '2022-06-16 20:05:02'),
(29, 44, 'saimoon', NULL, NULL, NULL, 233, NULL, NULL, NULL, '2022-06-16 20:05:19', '2022-06-16 20:05:19'),
(30, 45, 'Wetyuior', NULL, NULL, NULL, 12, NULL, NULL, NULL, '2022-06-17 13:27:02', '2022-06-17 13:27:02'),
(31, 46, 'Wetyuior', NULL, NULL, NULL, 12, NULL, NULL, NULL, '2022-06-17 13:30:46', '2022-06-17 13:30:46'),
(32, 47, 'Wetyuior', NULL, NULL, NULL, 12, NULL, NULL, NULL, '2022-06-17 13:31:17', '2022-06-17 13:31:17'),
(33, 48, 'Mack', NULL, NULL, NULL, 233, NULL, NULL, NULL, '2022-06-17 13:31:48', '2022-06-17 13:31:48'),
(34, 49, 'Wetyuior', NULL, NULL, NULL, 12, NULL, NULL, NULL, '2022-06-17 13:33:26', '2022-06-17 13:33:26'),
(35, 50, 'Mack', NULL, NULL, NULL, 233, NULL, NULL, NULL, '2022-06-17 14:44:02', '2022-06-17 14:44:02'),
(36, 51, 'Mack', NULL, NULL, NULL, 233, NULL, NULL, NULL, '2022-06-17 14:44:32', '2022-06-17 14:44:32'),
(37, 52, 'saimoon', NULL, NULL, NULL, 233, NULL, NULL, NULL, '2022-06-17 14:44:58', '2022-06-17 14:44:58'),
(38, 53, 'Wertyuikjhgfd', NULL, NULL, NULL, 9, NULL, NULL, NULL, '2022-06-17 15:00:59', '2022-06-17 15:00:59'),
(39, 54, 'Mack', NULL, NULL, NULL, 233, NULL, NULL, NULL, '2022-06-17 15:02:12', '2022-06-17 15:02:12'),
(40, 55, 'Mack', NULL, NULL, NULL, 233, NULL, NULL, NULL, '2022-06-17 15:03:54', '2022-06-17 15:03:54'),
(41, 56, 'Wertyuikjhgfd', NULL, NULL, NULL, 11, NULL, NULL, NULL, '2022-06-17 15:05:34', '2022-06-17 15:05:34'),
(42, 57, 'doneranyzi', '4544454545454545', NULL, NULL, 213, NULL, NULL, NULL, '2022-06-20 22:50:31', '2022-06-20 22:50:31'),
(45, 60, 'Mack', NULL, NULL, NULL, 233, NULL, NULL, NULL, '2022-06-23 15:27:23', '2022-06-23 15:27:23'),
(46, 61, 'Mack', NULL, NULL, NULL, 233, NULL, NULL, NULL, '2022-06-23 15:28:03', '2022-06-23 15:28:03'),
(47, 63, 'Gabriel', '33646345381', NULL, NULL, 75, NULL, NULL, NULL, '2022-06-25 02:40:02', '2022-06-25 02:40:02'),
(48, 64, 'Alvaro', '34654168432', NULL, NULL, 205, NULL, NULL, NULL, '2022-06-25 02:50:32', '2022-06-25 02:50:32'),
(49, 65, 'James', '1489868434', NULL, NULL, 233, NULL, NULL, NULL, '2022-06-25 03:10:38', '2022-06-25 03:10:38'),
(50, 66, 'Lingyun', '8651681357468', NULL, NULL, 47, NULL, NULL, NULL, '2022-06-25 04:34:54', '2022-06-25 04:34:54'),
(51, 67, 'Klaus', '494687316', NULL, NULL, 83, NULL, NULL, NULL, '2022-06-25 05:01:50', '2022-06-25 05:01:50'),
(52, 68, 'Alessandro', '3968468468', NULL, NULL, 109, NULL, NULL, NULL, '2022-06-25 05:12:02', '2022-06-25 05:12:02'),
(53, 69, 'Santiago', '523854138', NULL, NULL, 145, NULL, NULL, NULL, '2022-06-27 22:22:36', '2022-06-27 22:22:36'),
(54, 70, 'Aroon', '6663843584', NULL, NULL, 219, NULL, NULL, NULL, '2022-06-27 22:33:51', '2022-06-27 22:33:51'),
(55, 71, 'Ahmet', '90354381358', NULL, NULL, 225, NULL, NULL, NULL, '2022-06-27 22:49:00', '2022-06-27 22:49:00'),
(56, 72, 'Arthur', '44654834847', NULL, NULL, 232, NULL, NULL, NULL, '2022-06-27 23:17:05', '2022-06-27 23:17:05');

-- --------------------------------------------------------

--
-- Table structure for table `reviews`
--

CREATE TABLE `reviews` (
  `id` int(11) NOT NULL,
  `user_id` int(11) NOT NULL,
  `message` longtext NOT NULL,
  `star` int(11) NOT NULL,
  `status` int(11) NOT NULL,
  `created_at` timestamp NULL DEFAULT NULL,
  `updated_at` timestamp NULL DEFAULT NULL
) ENGINE=InnoDB DEFAULT CHARSET=utf8mb4;

--
-- Dumping data for table `reviews`
--

INSERT INTO `reviews` (`id`, `user_id`, `message`, `star`, `status`, `created_at`, `updated_at`) VALUES
(4, 3, 'test message 1', 5, 1, '2022-06-27 13:24:15', '2022-06-27 13:24:15'),
(5, 3, 'test message 2', 4, 1, '2022-06-27 13:24:24', '2022-06-27 13:24:24'),
(6, 3, 'test message 3', 5, 1, '2022-06-27 13:24:47', '2022-06-27 13:24:47'),
(7, 3, 'test message 4', 3, 1, '2022-06-27 13:29:37', '2022-06-27 13:29:37'),
(8, 3, '\"On the other hand, we denounce with righteous indignation and dislike men who are so beguiled and demoralized by the charms of pleasure of the moment, so blinded by desire, that they cannot foresee the pain and trouble that are bound to ensue; and equal blame belongs to those who fail in their duty through weakness of will, which is the same as saying through shrinking from toil and pain. These cases are perfectly simple and easy to distinguish. In a free hour, when our power of choice is untrammelled and when nothing prevents our being able to do what we like best, every pleasure is to be welcomed and every pain avoided. But in certain circumstances and owing to the claims of duty or the obligations of business it will frequently occur that pleasures have to be repudiated and annoyances accepted. The wise man therefore always holds in these matters to this principle of selection: he rejects pleasures to secure other greater pleasures, or else he endures pains to avoid worse pains.\"', 5, 1, '2022-06-27 13:32:47', '2022-06-27 13:32:47');

-- --------------------------------------------------------

--
-- Table structure for table `users`
--

CREATE TABLE `users` (
  `id` int(11) NOT NULL,
  `username` varchar(55) NOT NULL,
  `email` varchar(55) NOT NULL,
  `provider_id` varchar(255) DEFAULT NULL,
  `avatar` varchar(255) DEFAULT NULL,
  `password` varchar(555) DEFAULT NULL,
  `user_role` int(11) NOT NULL COMMENT '0 = tourist,1 = guider, 2 = admin',
  `status` int(11) DEFAULT 0 COMMENT '1 = active , 0 = inactive ',
  `profile_status` int(11) NOT NULL DEFAULT 0 COMMENT '0 = Profile unlocked, 1 = profile locked',
  `is_reset` int(11) NOT NULL DEFAULT 0,
  `is_approved` int(11) NOT NULL DEFAULT 0 COMMENT '0 = not Approved,\r\n1 = Approved',
  `facebook_id` varchar(255) DEFAULT NULL,
  `created_at` timestamp NOT NULL DEFAULT current_timestamp(),
  `updated_at` timestamp NOT NULL DEFAULT current_timestamp()
) ENGINE=InnoDB DEFAULT CHARSET=utf8mb4;

--
-- Dumping data for table `users`
--

INSERT INTO `users` (`id`, `username`, `email`, `provider_id`, `avatar`, `password`, `user_role`, `status`, `profile_status`, `is_reset`, `is_approved`, `facebook_id`, `created_at`, `updated_at`) VALUES
(1, 'Guider', 'guider@gmail.com', NULL, '1656101453.png', '$2y$10$zu8Vb189CgdwtYYJ12dO.OcHu6D6ZbyZuxhJ68h7CrDppVoshIvwe', 1, 1, 0, 0, 0, NULL, '2022-04-01 03:50:00', '2022-06-25 00:10:53'),
(2, 'b', 'b@gmail.com', NULL, NULL, '$2y$10$FH0xRJGIwN.uVn88SLMAAO8wyadql9twgLKaQshFEwsetI4PdYjmG', 0, 1, 0, 0, 0, NULL, '2022-04-01 04:24:49', '2022-04-01 04:24:49'),
(3, 'Vacationer', 'vacationer@gmail.com', NULL, '1656101453.png', '$2y$10$6729ENMHYl1.utRcrHC5nevTbqmhZZey7vKYwUgVxjb3w/zakLK82', 0, 1, 0, 0, 0, NULL, '2022-04-01 05:03:03', '2022-04-01 05:08:44'),
(4, 'admin', 'admin@mail.com', NULL, NULL, '$2y$10$eBzm3cEsbRSf2djUAs1P2eyT.yQlWP3XJQb737CalCQoTsdTbRvja', 2, 1, 0, 1, 0, NULL, '2022-04-06 22:07:49', '2022-06-21 15:45:37'),
(8, 'yrux', 'yruxwork@gmail.com', NULL, NULL, '$2y$10$59NwTLmBUd3kiXG52QghDOVfb3Vml7ZaThRsDMu693oF2YchRFRSi', 0, 1, 0, 0, 0, NULL, '2022-04-29 04:29:45', '2022-04-29 04:29:45'),
(10, 'tidas', 'vepesepo@mailinator.com', NULL, NULL, '$2y$10$pmuPJPylcODdpRixZEgiq.uVr6nU2hB4Ylln9wB2aVzXvpsIRamQW', 0, 0, 0, 0, 0, NULL, '2022-05-10 05:01:46', '2022-05-10 05:01:46'),
(11, 'moxuzulab', 'gyzawyde@mailinator.com', NULL, NULL, '$2y$10$QTlhuZmC6dvWZJMnrArN0.cCCh270.dewjgDZT/TFN4EsO47h7w.O', 0, 0, 0, 0, 0, NULL, '2022-05-10 05:07:10', '2022-05-10 05:07:10'),
(12, 'dasdqawd', 'fyqad@mailinator.com', NULL, NULL, '$2y$10$lLIYytJ5hy2AuQRRh.LM1OTLYPxTxXmHbfnVJ1KaDgRkGHDRn.jOK', 0, 0, 0, 0, 0, NULL, '2022-05-10 05:07:34', '2022-05-10 05:07:34'),
(13, 'gacuji', 'kakudi@mailinator.com', NULL, NULL, '$2y$10$T4KSJuIvDkYbXnKkBUNqhukAc14sQ.NYIgwKUN.kFFax6ypDE0Oly', 0, 0, 0, 0, 0, NULL, '2022-05-10 05:10:27', '2022-05-10 05:10:27'),
(14, 'vosenil952', 'vosenil952@chokxus.com', NULL, NULL, '$2y$10$9R3Box8oAHoPXsBIU16kie0Lc8PbeJT.GlfbKEG2QVoCbGfmOOvUq', 0, 1, 0, 0, 0, NULL, '2022-05-10 05:12:17', '2022-05-10 05:12:28'),
(28, 'Mack', 'ez@gmail.com', NULL, NULL, '$2y$10$AwzXvOvdAUEDDekfZJ/dLuXim/DRYpzSEjtC/xruDR.BEYPNMV5OO', 0, 0, 0, 0, 0, NULL, '2022-06-15 19:01:37', '2022-06-15 19:01:37'),
(29, 'guider2', 'guider2@gmail.com', NULL, NULL, '$2y$10$WgYeD46x.eABq37dZeF8c.PQNaGPLOu3IZFUgubK1MfUc5hHOum26', 1, 1, 0, 0, 0, NULL, '2022-06-15 23:12:44', '2022-06-15 23:12:44'),
(30, 'martix', 'martix@mail.com', NULL, NULL, '$2y$10$LbePvAxM9ht.MljRA/ZpYegCc8CaXfbh3ROGHaAsFqB6htB24exg2', 0, 1, 0, 0, 0, NULL, '2022-06-16 15:41:23', '2022-06-16 15:41:23'),
(31, 'Mack', 'eza@gmail.com', NULL, NULL, '$2y$10$H4y08CLS3UwRwie9sOAtluMuUxBJ820j7lztA4uzIi0809jmPUf3G', 0, 0, 0, 0, 0, NULL, '2022-06-16 15:42:30', '2022-06-16 15:42:30'),
(32, 'Mack', 'ezaz@gmail.com', NULL, NULL, '$2y$10$ioe44CWy0yehEx0tfQnMbOOhCySZs42hpEAPf2dqPWYCJ6Bd/vE8m', 0, 0, 0, 0, 0, NULL, '2022-06-16 16:44:43', '2022-06-16 16:44:43'),
(33, 'Mack', 'test1@gmail.com', NULL, NULL, '$2y$10$1I9vx3CxlgdDagcrIe9aWuFS3XJRk5E1b3Y9kZzTMf4Cx4IKGlrx6', 0, 0, 0, 0, 0, NULL, '2022-06-16 17:06:02', '2022-06-16 17:06:02'),
(34, 'Mack', 'test2@gmail.com', NULL, NULL, '$2y$10$1BYxrlbEdetWJm2cz4RVvOn8Rn52fbsTI0n8HU7vqn.2Evox5yh8S', 0, 0, 0, 0, 0, NULL, '2022-06-16 18:15:20', '2022-06-16 18:15:20'),
(35, 'Mack', 'test3@gmail.com', NULL, NULL, '$2y$10$QMDASRMZhS/CvTVLmJA3a.X/dS8qhIbT.6wqcc3Hi9AozVY2u2J4.', 0, 0, 0, 0, 0, NULL, '2022-06-16 18:16:51', '2022-06-16 18:16:51'),
(36, 'Mack', 'int4@gmail.com', NULL, NULL, '$2y$10$caFt/gJSjY8Mezt9Rg8EG.19xP/FEvizL6y7HpfCFOzIMhFmeZnEu', 0, 0, 0, 0, 0, NULL, '2022-06-16 18:17:20', '2022-06-16 18:17:20'),
(37, 'martix', 'martix2@mail.com', NULL, NULL, '$2y$10$Ou66oITckLbKtWEHouu7g.rcBGEPvfSDXYw5FMuQhNC7Yr7THYHwK', 0, 0, 0, 0, 0, NULL, '2022-06-16 18:18:03', '2022-06-16 18:18:03'),
(38, 'martix', 'martix3@mail.com', NULL, NULL, '$2y$10$PEG.5BgkAW8CWUifKCx4xex55F93rPHcO7js8Zdf06k0sP30LLoey', 0, 0, 0, 0, 0, NULL, '2022-06-16 18:19:10', '2022-06-16 18:19:10'),
(39, 'Mack', 'int5@gmail.com', NULL, NULL, '$2y$10$WnNH/UnTQsICbmcf/GUw5e5z6nRPH7WRuRHPiebGR38Cyeo5SoMty', 0, 0, 0, 0, 0, NULL, '2022-06-16 18:22:18', '2022-06-16 18:22:18'),
(40, 'kiv', 'kiv1@gmail.com', NULL, NULL, '$2y$10$9v.i9bETxeu2.Dq/D7rOc.s8CFu.XEP8Lu/rjTTrAa3BPs8S6lu3G', 0, 0, 0, 0, 0, NULL, '2022-06-16 19:17:49', '2022-06-16 19:17:49'),
(41, 'kiv2', 'kiv2@gmail.com', NULL, NULL, '$2y$10$.JNe9YXmdmq0fmtrZQdwY.jRf0ht3nVH/OkbT47AUkiWURND6SZSy', 0, 0, 0, 0, 0, NULL, '2022-06-16 19:23:19', '2022-06-16 19:23:19'),
(42, 'kiv3', 'kiv3@gmail.com', NULL, NULL, '$2y$10$zG/IWp/dyjy.cxlji/GgWuzoEo66DfZXDuqMOMPAojWuJS5WdWa1S', 0, 0, 0, 0, 0, NULL, '2022-06-16 19:24:34', '2022-06-16 19:24:34'),
(43, 'bilal', 'bilal@gmail.com', NULL, NULL, '$2y$10$eA1.yG3jCF3Y6fzILVx8lOwEzvJGQIGguAW01H5qiutHrU8ImX/bO', 0, 1, 0, 0, 0, NULL, '2022-06-16 20:05:02', '2022-06-16 20:05:02'),
(44, 'saimoon', 'saimoon@gmail.com', NULL, NULL, '$2y$10$8bR2RFJ.IGZvn/awpTWE7eXyYtP5l.Ef9ifUoFC4qWJB9E9beWYky', 0, 1, 0, 0, 0, NULL, '2022-06-16 20:05:19', '2022-06-16 20:05:19'),
(45, 'Wetyuior', 'Wertyuio@gmail.com', NULL, NULL, '$2y$10$xNlIZu/hSGwqWjOdbc.myOcSWPTDMJjs3CDjJ2dQcuhCuigct8j.C', 0, 0, 0, 0, 0, NULL, '2022-06-17 13:27:02', '2022-06-17 13:27:02'),
(46, 'Wetyuior', 'Sdfghjhgfdsxcvbnm@gmail.com', NULL, NULL, '$2y$10$CfyKzbEM.TPdBVN2PhOgheJLid9GRbKNuHfU.4gFxJba5Wo55WT4K', 0, 0, 0, 0, 0, NULL, '2022-06-17 13:30:46', '2022-06-17 13:30:46'),
(47, 'Wetyuior', 'Sdfghjh@gmail.com', NULL, NULL, '$2y$10$q7Fae7WTIosLDKstmVxZ3.pUo12ckMNkoriUovParfrZM5pi5DE8y', 0, 0, 0, 0, 0, NULL, '2022-06-17 13:31:17', '2022-06-17 13:31:17'),
(48, 'Mack', 'int6@gmail.com', NULL, NULL, '$2y$10$lmUEwZAB.pH25mCUjNxiY.Qyivcaymk.4E7qQ1Ij72ZG0Ax7DUiNC', 0, 0, 0, 0, 0, NULL, '2022-06-17 13:31:48', '2022-06-17 13:31:48'),
(49, 'Wetyuior', 'Sdfghj@gmail.com', NULL, NULL, '$2y$10$9Q87Dj8YSSfI14EQ0J6RFOjO22eWLu/7D3IiFytZ8RHZb/YsffybK', 0, 0, 0, 0, 0, NULL, '2022-06-17 13:33:26', '2022-06-17 13:33:26'),
(50, 'Mack', 'int8@gmail.com', NULL, NULL, '$2y$10$bKFM/05za0WlBT4DaNiKOuiUt9RPRHy1GywBzuXBIQCdLZKmJoQNG', 0, 0, 0, 0, 0, NULL, '2022-06-17 14:44:02', '2022-06-17 14:44:02'),
(51, 'Mack', 'bilalhabshi@gmail.com', NULL, NULL, '$2y$10$edl5kYrSCmADKG7T0vBOw.lYHW6mwpGtGKSzSLl5CMWz6a90qlGJa', 0, 0, 0, 0, 0, NULL, '2022-06-17 14:44:32', '2022-06-17 14:44:32'),
(52, 'saimoon', 'saimoon1@gmail.com', NULL, NULL, '$2y$10$CDe.5wHnpLlvnsK.lhIPbOfi.LBh9PbqnrLHqIVf9HgJmQmi3IpJq', 0, 0, 0, 0, 0, NULL, '2022-06-17 14:44:58', '2022-06-17 14:44:58'),
(53, 'Wertyuikjhgfd', 'Sdfghjkloiuytre@gmail.com', NULL, NULL, '$2y$10$e2jY0rYRtm7zAZIP3Rp9HOsivJSCVzQLswqBQkIT8PuMPCfN/S2fm', 0, 0, 0, 0, 0, NULL, '2022-06-17 15:00:59', '2022-06-17 15:00:59'),
(54, 'Mack', 'ezaz211@gmail.com', NULL, NULL, '$2y$10$sjuZN6lcPaCpWGbMDgERUeMLIdY3Blorqy3gOkJW0.sOxOXDfvAjW', 0, 0, 0, 0, 0, NULL, '2022-06-17 15:02:12', '2022-06-17 15:02:12'),
(55, 'Mack', 'ezaz21111@gmail.com', NULL, NULL, '$2y$10$3TWf4HatIU8HPBSnzLzbdusRbYNMk0bVfG.1t3xidwn.g7HSaw.Vm', 0, 0, 0, 0, 0, NULL, '2022-06-17 15:03:54', '2022-06-17 15:03:54'),
(56, 'Wertyuikjhgfd', 'Dfyredsxcvbutfv@gmail.com', NULL, NULL, '$2y$10$Fy2qi2mvbW0X7ZShHBxE1.q9ma9z7nfa7wWCWEvr9ZfoAaNi/i0rC', 0, 0, 0, 0, 0, NULL, '2022-06-17 15:05:34', '2022-06-17 15:05:34'),
(57, 'doneranyzi', 'doboc56356@akapple.com', NULL, NULL, '$2y$10$fnTz.iCFDMNlY9JEh0PCeOUp4deCaAZOSSJeudohOrZ9PH6nkX0sK', 0, 1, 0, 1, 0, NULL, '2022-06-20 22:50:31', '2022-06-20 23:25:41'),
(60, 'Mack', 'ezaz2112111@gmail.com', NULL, NULL, '$2y$10$YZhsmKLypkbB5bp992TaruhjCuMrxk6cracPmZTvc90Ahm6xRx1q6', 0, 0, 0, 0, 0, NULL, '2022-06-23 15:27:23', '2022-06-23 15:27:23'),
(61, 'Mack', 'ezaz2311@gmail.com', NULL, NULL, '$2y$10$U2rS7tP/G2gqZBnnH54f8eY6.3yc2wwKiAoYDHltiofUfhE.rKml.', 0, 0, 0, 0, 0, NULL, '2022-06-23 15:28:03', '2022-06-23 15:28:03'),
(63, 'Gabriel', 'gabriel@gmail.com', NULL, '1656110402.jpg', '$2y$10$wGiQxJbQchkd5t7TQV.2Z.IzUut7hqVdXzkLmMWukRIPZsjpDr3HC', 1, 1, 0, 0, 0, NULL, '2022-06-25 02:40:02', '2022-06-25 02:40:02'),
(64, 'Alvaro', 'alvaro@gmail.com', NULL, '1656111032.jpg', '$2y$10$Ecm4CpIDHZc0sjqTDVY.J.iz7NuRyNzWED1ae0EzYv67g0QPaItn2', 1, 1, 0, 0, 0, NULL, '2022-06-25 02:50:32', '2022-06-25 02:50:32'),
(65, 'James', 'james@gmail.com', NULL, '1656112238.jpg', '$2y$10$RuCC312iMYQioC29ycYo7.mhMkVm5O2/HnlGFtjoSrSrLwQLvnlZ2', 1, 1, 0, 0, 0, NULL, '2022-06-25 03:10:38', '2022-06-25 03:10:38'),
(66, 'Lingyun', 'lingyun@gmail.com', NULL, '1656117294.jpg', '$2y$10$O04Yjupxqgybqpmp47Xj2uCx0Zre2h0k1wEJh7Jh4rloOy6XjlWJW', 1, 1, 0, 0, 0, NULL, '2022-06-25 04:34:54', '2022-06-25 04:34:54'),
(67, 'Klaus', 'klaus@gmail.com', NULL, '1656118910.jpg', '$2y$10$EcYRM8tVX83rThQTvpZt3.bSgnhsTxI1jin3X74fBNmd8/J9rza9O', 1, 1, 0, 0, 0, NULL, '2022-06-25 05:01:50', '2022-06-25 05:01:50'),
(68, 'Alessandro', 'alessandro@gmail.com', NULL, '1656119522.jpg', '$2y$10$O4RrTepc27XrxXl0BlI.SO9oWCqDQKYU/MUHNbhxo1JBFjMVYT1Gu', 1, 1, 0, 0, 0, NULL, '2022-06-25 05:12:02', '2022-06-25 05:12:02'),
(69, 'Santiago', 'santiago@gmail.com', NULL, '1656354156.jpg', '$2y$10$/xMx0z9h1ik1sQENzTzG.uVStA3psxninN9jLbujshsgJxy0ZWA0S', 1, 1, 0, 0, 0, NULL, '2022-06-27 22:22:36', '2022-06-27 22:22:36'),
(70, 'Aroon', 'aroon@gmail.com', NULL, '1656354831.jpg', '$2y$10$Ov0fSA/RdTELmfeoFXGH..MuYzfnYbT6j8v8q.n.SOalW4DXvyEBa', 1, 1, 0, 0, 0, NULL, '2022-06-27 22:33:51', '2022-06-27 22:33:51'),
(71, 'Ahmet', 'ahmet@gmail.com', NULL, '1656355740.jpg', '$2y$10$00lWWT1Gl.Z0M1O53YHSUedBXMldVkmIf/AHOJYeKnuCL0FiaaXNC', 1, 1, 0, 0, 0, NULL, '2022-06-27 22:49:00', '2022-06-27 22:49:00'),
(72, 'Arthur', 'arthur@gmail.com', NULL, '1656357425.jpg', '$2y$10$0SKLI9bzayB2XApdKQSfCOjQoa0HlMzIb1nIH9XtJIf9FFLMMLVk2', 1, 1, 0, 0, 0, NULL, '2022-06-27 23:17:05', '2022-06-27 23:17:05');

-- --------------------------------------------------------

--
-- Table structure for table `visitors`
--

CREATE TABLE `visitors` (
  `id` bigint(20) UNSIGNED NOT NULL,
  `click` int(11) NOT NULL,
  `viewer` int(11) NOT NULL,
  `created_at` timestamp NULL DEFAULT NULL,
  `updated_at` timestamp NULL DEFAULT NULL
) ENGINE=InnoDB DEFAULT CHARSET=utf8mb4 COLLATE=utf8mb4_unicode_ci;

--
-- Dumping data for table `visitors`
--

INSERT INTO `visitors` (`id`, `click`, `viewer`, `created_at`, `updated_at`) VALUES
(1, 4, 10, NULL, NULL),
(2, 25, 45, NULL, NULL),
(3, 34, 56, NULL, NULL),
(4, 23, 54, NULL, NULL),
(5, 32, 51, NULL, NULL),
(6, 12, 21, NULL, NULL);

--
-- Indexes for dumped tables
--

--
-- Indexes for table `countries`
--
ALTER TABLE `countries`
  ADD PRIMARY KEY (`id`);

--
-- Indexes for table `faq`
--
ALTER TABLE `faq`
  ADD PRIMARY KEY (`id`);

--
-- Indexes for table `images`
--
ALTER TABLE `images`
  ADD PRIMARY KEY (`id`);

--
-- Indexes for table `jobs`
--
ALTER TABLE `jobs`
  ADD PRIMARY KEY (`id`);

--
-- Indexes for table `jobs_applied`
--
ALTER TABLE `jobs_applied`
  ADD PRIMARY KEY (`id`);

--
-- Indexes for table `journies`
--
ALTER TABLE `journies`
  ADD PRIMARY KEY (`id`),
  ADD KEY `pakacge_id` (`package_id`),
  ADD KEY `user_id` (`user_id`);

--
-- Indexes for table `membership_plans`
--
ALTER TABLE `membership_plans`
  ADD PRIMARY KEY (`id`);

--
-- Indexes for table `member_ships`
--
ALTER TABLE `member_ships`
  ADD PRIMARY KEY (`id`),
  ADD KEY `usr_id` (`user_id`),
  ADD KEY `memship_id` (`membership_id`);

--
-- Indexes for table `packages`
--
ALTER TABLE `packages`
  ADD PRIMARY KEY (`id`),
  ADD KEY `users_id` (`user_id`),
  ADD KEY `countrys_id` (`country_id`);

--
-- Indexes for table `package_requests`
--
ALTER TABLE `package_requests`
  ADD PRIMARY KEY (`id`);

--
-- Indexes for table `personal_access_tokens`
--
ALTER TABLE `personal_access_tokens`
  ADD PRIMARY KEY (`id`);

--
-- Indexes for table `profiles`
--
ALTER TABLE `profiles`
  ADD PRIMARY KEY (`id`),
  ADD KEY `country_id` (`country_id`),
  ADD KEY `p_user_id` (`user_id`);

--
-- Indexes for table `reviews`
--
ALTER TABLE `reviews`
  ADD PRIMARY KEY (`id`);

--
-- Indexes for table `users`
--
ALTER TABLE `users`
  ADD PRIMARY KEY (`id`);

--
-- Indexes for table `visitors`
--
ALTER TABLE `visitors`
  ADD PRIMARY KEY (`id`);

--
-- AUTO_INCREMENT for dumped tables
--

--
-- AUTO_INCREMENT for table `countries`
--
ALTER TABLE `countries`
  MODIFY `id` int(11) NOT NULL AUTO_INCREMENT, AUTO_INCREMENT=249;

--
-- AUTO_INCREMENT for table `faq`
--
ALTER TABLE `faq`
  MODIFY `id` int(11) NOT NULL AUTO_INCREMENT;

--
-- AUTO_INCREMENT for table `images`
--
ALTER TABLE `images`
  MODIFY `id` int(11) NOT NULL AUTO_INCREMENT, AUTO_INCREMENT=194;

--
-- AUTO_INCREMENT for table `jobs`
--
ALTER TABLE `jobs`
  MODIFY `id` int(11) NOT NULL AUTO_INCREMENT, AUTO_INCREMENT=3;

--
-- AUTO_INCREMENT for table `jobs_applied`
--
ALTER TABLE `jobs_applied`
  MODIFY `id` int(11) NOT NULL AUTO_INCREMENT, AUTO_INCREMENT=3;

--
-- AUTO_INCREMENT for table `journies`
--
ALTER TABLE `journies`
  MODIFY `id` int(11) NOT NULL AUTO_INCREMENT, AUTO_INCREMENT=7;

--
-- AUTO_INCREMENT for table `membership_plans`
--
ALTER TABLE `membership_plans`
  MODIFY `id` int(11) NOT NULL AUTO_INCREMENT, AUTO_INCREMENT=8;

--
-- AUTO_INCREMENT for table `member_ships`
--
ALTER TABLE `member_ships`
  MODIFY `id` int(11) NOT NULL AUTO_INCREMENT, AUTO_INCREMENT=20;

--
-- AUTO_INCREMENT for table `packages`
--
ALTER TABLE `packages`
  MODIFY `id` int(11) NOT NULL AUTO_INCREMENT, AUTO_INCREMENT=49;

--
-- AUTO_INCREMENT for table `package_requests`
--
ALTER TABLE `package_requests`
  MODIFY `id` int(11) NOT NULL AUTO_INCREMENT, AUTO_INCREMENT=9;

--
-- AUTO_INCREMENT for table `personal_access_tokens`
--
ALTER TABLE `personal_access_tokens`
  MODIFY `id` int(11) NOT NULL AUTO_INCREMENT, AUTO_INCREMENT=123;

--
-- AUTO_INCREMENT for table `profiles`
--
ALTER TABLE `profiles`
  MODIFY `id` int(11) NOT NULL AUTO_INCREMENT, AUTO_INCREMENT=57;

--
-- AUTO_INCREMENT for table `reviews`
--
ALTER TABLE `reviews`
  MODIFY `id` int(11) NOT NULL AUTO_INCREMENT, AUTO_INCREMENT=9;

--
-- AUTO_INCREMENT for table `users`
--
ALTER TABLE `users`
  MODIFY `id` int(11) NOT NULL AUTO_INCREMENT, AUTO_INCREMENT=73;

--
-- AUTO_INCREMENT for table `visitors`
--
ALTER TABLE `visitors`
  MODIFY `id` bigint(20) UNSIGNED NOT NULL AUTO_INCREMENT, AUTO_INCREMENT=7;

--
-- Constraints for dumped tables
--

--
-- Constraints for table `journies`
--
ALTER TABLE `journies`
  ADD CONSTRAINT `pakacge_id` FOREIGN KEY (`package_id`) REFERENCES `packages` (`id`) ON DELETE NO ACTION ON UPDATE NO ACTION,
  ADD CONSTRAINT `user_id` FOREIGN KEY (`user_id`) REFERENCES `users` (`id`) ON DELETE NO ACTION ON UPDATE NO ACTION;

--
-- Constraints for table `member_ships`
--
ALTER TABLE `member_ships`
  ADD CONSTRAINT `memship_id` FOREIGN KEY (`membership_id`) REFERENCES `membership_plans` (`id`) ON DELETE NO ACTION ON UPDATE NO ACTION,
  ADD CONSTRAINT `usr_id` FOREIGN KEY (`user_id`) REFERENCES `users` (`id`) ON DELETE NO ACTION ON UPDATE NO ACTION;

--
-- Constraints for table `packages`
--
ALTER TABLE `packages`
  ADD CONSTRAINT `countrys_id` FOREIGN KEY (`country_id`) REFERENCES `countries` (`id`) ON DELETE NO ACTION ON UPDATE NO ACTION,
  ADD CONSTRAINT `users_id` FOREIGN KEY (`user_id`) REFERENCES `users` (`id`) ON DELETE NO ACTION ON UPDATE NO ACTION;

--
-- Constraints for table `profiles`
--
ALTER TABLE `profiles`
  ADD CONSTRAINT `country_id` FOREIGN KEY (`country_id`) REFERENCES `countries` (`id`) ON DELETE NO ACTION ON UPDATE NO ACTION,
  ADD CONSTRAINT `p_user_id` FOREIGN KEY (`user_id`) REFERENCES `users` (`id`) ON DELETE NO ACTION ON UPDATE NO ACTION;
COMMIT;

/*!40101 SET CHARACTER_SET_CLIENT=@OLD_CHARACTER_SET_CLIENT */;
/*!40101 SET CHARACTER_SET_RESULTS=@OLD_CHARACTER_SET_RESULTS */;
/*!40101 SET COLLATION_CONNECTION=@OLD_COLLATION_CONNECTION */;
